Model,Scenario,Region,Variable,Unit,1971,1972,1973,1974,1975,1976,1977,1978,1979,1980,1981,1982,1983,1984,1985,1986,1987,1988,1989,1990,1991,1992,1993,1994,1995,1996,1997,1998,1999,2000,2001,2002,2003,2004,2005,2006,2007,2008,2009,2010,2011,2012,2013,2014,2015
History,IEA Energy Statistics (2017),South Africa,Secondary Energy|Electricity|Biomass,EJ/yr,0.0,0.0,0.0,0.0,0.0,0.0,0.0,0.0,0.0,0.0,0.0,0.0,0.0,0.0,0.0,0.0,0.0,0.0,0.0,0.0,0.0,0.0,0.0,0.0,0.0,0.00021600000000000002,0.0005256000000000001,0.0008316,0.0007092000000000001,0.0011052000000000002,0.0011052000000000002,0.0009324000000000001,0.0009324000000000001,0.0009432,0.0009576000000000001,0.0009720000000000001,0.0009864000000000001,0.0010008,0.0010152000000000002,0.0010296,0.001044,0.001062,0.00108,0.001098,0.001116
History,IEA Energy Statistics (2017),South Africa,Secondary Energy|Electricity|Coal,EJ/yr,0.19632600000000003,0.21126240000000002,0.22825800000000002,0.24663600000000002,0.2655864,0.27883080000000005,0.2821176,0.2972736,0.3189132,0.35253,0.40312080000000006,0.42471000000000003,0.433746,0.47060640000000004,0.4874508,0.4895568,0.5139828000000001,0.5149152,0.5344632,0.5613336000000001,0.5593968,0.5641812,0.5974560000000001,0.6088068000000001,0.623376,0.6708312000000001,0.6943284000000001,0.6750972000000001,0.6719832,0.6963084,0.7025616,0.7341228000000001,0.783414,0.8148276000000001,0.8246664,0.8552988,0.8887536,0.8671320000000001,0.8360928000000001,0.8709048,0.8765748000000001,0.8684208000000001,0.8544672000000001,0.8361432000000001,0.8235072000000001
History,IEA Energy Statistics (2017),South Africa,Secondary Energy|Electricity|Fossil,EJ/yr,0.19632600000000003,0.21126240000000002,0.22825800000000002,0.24663600000000002,0.2655864,0.27893520000000005,0.28216440000000004,0.29732040000000004,0.31897440000000005,0.35265240000000003,0.40321080000000004,0.42478560000000004,0.43389720000000004,0.47079000000000004,0.48760200000000004,0.48970800000000003,0.5141340000000001,0.5150988000000001,0.5344632,0.5613336000000001,0.5593968,0.5641812,0.5974560000000001,0.6098472,0.6247836000000001,0.6708312000000001,0.6943284000000001,0.6750972000000001,0.6719832,0.6963084,0.7025832000000001,0.7341516,0.7834284,0.8148276000000001,0.8249472000000001,0.8555220000000001,0.8929044,0.8676468,0.8362692,0.8716140000000001,0.8772840000000001,0.8691192000000001,0.8551584000000001,0.8368236000000001,0.8241660000000001
History,IEA Energy Statistics (2017),South Africa,Secondary Energy|Electricity|Gas,EJ/yr,0.0,0.0,0.0,0.0,0.0,0.0,0.0,0.0,0.0,0.0,0.0,0.0,0.0,0.0,0.0,0.0,0.0,0.0,0.0,0.0,0.0,0.0,0.0,0.0,0.0,0.0,0.0,0.0,0.0,0.0,0.0,0.0,0.0,0.0,0.0,0.0,0.0,0.0,0.0,0.0,0.0,0.0,0.0,0.0,0.0
History,IEA Energy Statistics (2017),South Africa,Secondary Energy|Electricity|Geothermal,EJ/yr,0.0,0.0,0.0,0.0,0.0,0.0,0.0,0.0,0.0,0.0,0.0,0.0,0.0,0.0,0.0,0.0,0.0,0.0,0.0,0.0,0.0,0.0,0.0,0.0,0.0,0.0,0.0,0.0,0.0,0.0,0.0,0.0,0.0,0.0,0.0,0.0,0.0,0.0,0.0,0.0,0.0,0.0,0.0,0.0,0.0
History,IEA Energy Statistics (2017),South Africa,Secondary Energy|Electricity|Hydro,EJ/yr,0.00040320000000000004,0.0030024,0.003546,0.0040752,0.004032,0.0067536,0.006998400000000001,0.006865200000000001,0.0041184,0.0035712000000000005,0.005950800000000001,0.0036576000000000004,0.0021420000000000002,0.002016,0.0022464000000000004,0.0058428,0.0058212,0.011383200000000001,0.009932400000000001,0.0036360000000000003,0.007128000000000001,0.0027072000000000003,0.0005256000000000001,0.0038664000000000003,0.0019044,0.004748400000000001,0.007531200000000001,0.005742000000000001,0.0026136,0.0039636,0.0071460000000000004,0.008578800000000001,0.0025236000000000004,0.0034200000000000003,0.0047952,0.0104328,0.0031248,0.0043308,0.00504,0.007610400000000001,0.007405200000000001,0.004338000000000001,0.004172400000000001,0.00351,0.0028836
History,IEA Energy Statistics (2017),South Africa,Secondary Energy|Electricity|Nuclear,EJ/yr,0.0,0.0,0.0,0.0,0.0,0.0,0.0,0.0,0.0,0.0,0.0,0.0,0.0,0.014130000000000002,0.019134,0.031690800000000005,0.0222012,0.037774800000000004,0.0399564,0.030416400000000003,0.0329184,0.0334368,0.026118000000000002,0.0349092,0.0406836,0.042390000000000004,0.045529200000000006,0.0489636,0.0462132,0.046836,0.0385884,0.0431676,0.045586800000000004,0.048114000000000004,0.040654800000000005,0.0360936,0.040741200000000005,0.046814400000000006,0.046101600000000006,0.0435564,0.0486072,0.0430344,0.0507816,0.049658400000000005,0.0440532
History,IEA Energy Statistics (2017),South Africa,Secondary Energy|Electricity|Ocean,EJ/yr,0.0,0.0,0.0,0.0,0.0,0.0,0.0,0.0,0.0,0.0,0.0,0.0,0.0,0.0,0.0,0.0,0.0,0.0,0.0,0.0,0.0,0.0,0.0,0.0,0.0,0.0,0.0,0.0,0.0,0.0,0.0,0.0,0.0,0.0,0.0,0.0,0.0,0.0,0.0,0.0,0.0,0.0,0.0,0.0,0.0
History,IEA Energy Statistics (2017),South Africa,Secondary Energy|Electricity|Oil,EJ/yr,0.0,0.0,0.0,0.0,0.0,0.0001044,4.6800000000000006e-05,4.6800000000000006e-05,6.120000000000001e-05,0.00012240000000000002,9e-05,7.560000000000001e-05,0.00015120000000000002,0.00018360000000000002,0.00015120000000000002,0.00015120000000000002,0.00015120000000000002,0.00018360000000000002,0.0,0.0,0.0,0.0,0.0,0.0010404000000000001,0.0014076000000000002,0.0,0.0,0.0,0.0,0.0,2.1600000000000003e-05,2.8800000000000002e-05,1.4400000000000001e-05,0.0,0.00028080000000000005,0.00022320000000000003,0.0041508000000000005,0.0005148,0.0001764,0.0007092000000000001,0.0007092000000000001,0.0006984000000000001,0.0006912000000000001,0.0006804000000000001,0.0006588000000000001
History,IEA Energy Statistics (2017),South Africa,Secondary Energy|Electricity|Other,EJ/yr,0.0,0.0,0.0,0.0,0.0,0.0,0.0,0.0,0.0,0.0,0.0,0.0,0.0,0.0,0.0,0.0,0.0,0.0,0.0,0.0,0.0,0.0,0.0,0.0,0.0,0.0,0.0,0.0,0.0,0.0,0.0,0.0,0.0,0.0,0.0,0.0,0.0,0.0,0.0,0.0,0.0,0.0,0.0,0.0,0.0
History,IEA Energy Statistics (2017),South Africa,Secondary Energy|Electricity|Solar,EJ/yr,0.0,0.0,0.0,0.0,0.0,0.0,0.0,0.0,0.0,0.0,0.0,0.0,0.0,0.0,0.0,0.0,0.0,0.0,0.0,0.0,0.0,0.0,0.0,0.0,0.0,0.0,0.0,0.0,0.0,0.0,0.0,0.0,0.0,0.0,0.0,0.0,0.0,0.0,0.0,0.0,0.0,0.0,0.00016560000000000001,0.0039096,0.0078588
History,IEA Energy Statistics (2017),South Africa,Secondary Energy|Electricity,EJ/yr,0.19672920000000002,0.2142648,0.231804,0.2507112,0.26961840000000004,0.2856888,0.2891628,0.3041856,0.3230928,0.35622360000000003,0.4091616,0.4284432,0.4360392,0.48693600000000004,0.5089824000000001,0.5272416000000001,0.5421564000000001,0.5642568,0.5843520000000001,0.5953860000000001,0.5994432000000001,0.6003252,0.6240996000000001,0.6486228,0.6673716000000001,0.7181856000000001,0.7479144000000001,0.7306344,0.7215192,0.7482132,0.7494228000000001,0.7868304,0.8324928,0.8673480000000001,0.8713980000000001,0.9030636000000001,0.9378000000000001,0.9198684,0.888534,0.9239328000000001,0.9344736000000001,0.9176868,0.9114912000000001,0.8980956000000001,0.8882496000000001
History,IEA Energy Statistics (2017),South Africa,Secondary Energy|Electricity|Wind,EJ/yr,0.0,0.0,0.0,0.0,0.0,0.0,0.0,0.0,0.0,0.0,0.0,0.0,0.0,0.0,0.0,0.0,0.0,0.0,0.0,0.0,0.0,0.0,0.0,0.0,0.0,0.0,0.0,0.0,0.0,0.0,0.0,0.0,2.1600000000000003e-05,4.3200000000000007e-05,4.3200000000000007e-05,4.3200000000000007e-05,4.3200000000000007e-05,7.560000000000001e-05,0.00010800000000000001,0.00012240000000000002,0.0001332,0.0001332,0.0001332,0.0030960000000000002,0.008172
History,IEA Energy Statistics (2017),South Africa,Final Energy|Solids|Biomass,EJ/yr,0.19467113,0.20388497,0.21122243,0.22352814,0.24407872,0.23369679,0.22971418,0.22994637999999998,0.23370157,0.23696400999999997,0.25597932,0.26098074,0.25796952,0.28193647,0.2779562,0.28395505,0.29695495,0.30594140999999997,0.31594426,0.3229595,0.32895835,0.33392657,0.33995622999999997,0.34694069,0.35393934,0.35910284,0.36359586,0.36897594,0.37856489,0.38654791,0.39464164999999995,0.40011191999999995,0.40531,0.41066486999999996,0.41618470999999996,0.42192032999999995,0.42787166,0.43401901,0.44040606,0.44703393999999996,0.45387973,0.46096831,0.46833062999999997,0.47597367999999995,0.48386868
History,IEA Energy Statistics (2017),South Africa,Final Energy|Solids|Coal,EJ/yr,0.65961233,0.65915866,0.7081311899999999,0.69774742,0.7426290799999999,0.7868763599999999,0.78011995,0.7767559399999999,0.76458299,0.79087044,0.8110307999999999,0.71039073,0.641535,0.6679922699999999,0.68054194,0.6530211899999999,0.6630211899999999,0.6923875199999999,0.70015425,0.68447855,0.65069948,0.5912248999999999,0.5941103099999999,0.60066065,0.65770337,0.68468399,0.7231942499999999,0.7268901999999999,0.65817722,0.66677498,0.63900126,0.69953364,0.74643803,0.8027735899999999,0.7882646999999999,0.77006046,0.7727301599999999,0.8077440499999999,0.97314324,0.6881153099999999,0.6104541099999999,0.70952704,0.78243584,0.81214353,0.7657714999999999
History,IEA Energy Statistics (2017),South Africa,Final Energy|Electricity,EJ/yr,0.1678154,0.18436038,0.19852172999999998,0.21419175,0.22975374999999998,0.24799103,0.26178871,0.28153107,0.30860434,0.33323276999999996,0.35327758,0.35988476999999996,0.36960652,0.40482446,0.42345061,0.44564859999999995,0.45808524,0.48033003999999996,0.49593165,0.49863934,0.49614049,0.45776838,0.47172089,0.49127601,0.50759415,0.6013982299999999,0.63052747,0.61164568,0.60104897,0.6270060399999999,0.60158547,0.64523252,0.6689787899999999,0.67786879,0.69562359,0.71742551,0.75208535,0.72730929,0.70006319,0.7307047,0.7456834,0.72202354,0.71945628,0.7156612,0.7145882
History,IEA Energy Statistics (2017),South Africa,Final Energy|Fossil,EJ/yr,1.0278551299999998,1.05620179,1.1431459099999999,1.12300124,1.19391901,1.2463724699999998,1.2552054799999999,1.27112568,1.2210477,1.2612296699999999,1.3118876,1.21862915,1.15834267,1.21731593,1.21262699,1.17726227,1.21518115,1.29058231,1.31350743,1.3156946299999999,1.2805608899999998,1.2123063699999999,1.18553008,1.2157642499999999,1.32756006,1.35768164,1.40568816,1.41485898,1.3456837,1.33469193,1.31684495,1.39041548,1.4770347899999998,1.5678257,1.57879517,1.5853164199999998,1.7280550499999998,1.7876131899999999,1.92168083,1.67529015,1.71229941,1.80265944,1.9329061799999998,1.92248968,1.92815141
History,IEA Energy Statistics (2017),South Africa,Final Energy|Gases,EJ/yr,0.0,0.0,0.0,0.0,0.0,0.0,0.0,0.0,0.0,0.0,0.0,0.0,0.0,0.0,0.0,0.0,0.0,0.0,0.0,0.0,0.0,0.0,0.0,0.0,0.0,0.0,0.0,0.0,0.0,0.0,0.0,0.0,0.0,0.0,0.0,0.0,0.0,0.0,0.0,0.0343828,0.07262189,0.07227639,0.07139464999999999,0.07114989,0.07294397999999999
History,IEA Energy Statistics (2017),South Africa,Final Energy|Geothermal,EJ/yr,0.0,0.0,0.0,0.0,0.0,0.0,0.0,0.0,0.0,0.0,0.0,0.0,0.0,0.0,0.0,0.0,0.0,0.0,0.0,0.0,0.0,0.0,0.0,0.0,0.0,0.0,0.0,0.0,0.0,0.0,0.0,0.0,0.0,0.0,0.0,0.0,0.0,0.0,0.0,0.0,0.0,0.0,0.0,0.0,0.0
History,IEA Energy Statistics (2017),South Africa,Final Energy|Heat,EJ/yr,0.0,0.0,0.0,0.0,0.0,0.0,0.0,0.0,0.0,0.0,0.0,0.0,0.0,0.0,0.0,0.0,0.0,0.0,0.0,0.0,0.0,0.0,0.0,0.0,0.0,0.0,0.0,0.0,0.0,0.0,0.0,0.0,0.0,0.0,0.0,0.0,0.0,0.0,0.0,0.0,0.0,0.0,0.0,0.0,0.0
History,IEA Energy Statistics (2017),South Africa,Final Energy|Liquids,EJ/yr,0.3682428,0.39704312999999997,0.43501471999999997,0.42525382,0.45128992999999995,0.45949610999999996,0.47508553,0.49436974,0.45646471,0.47035922999999996,0.5008568,0.50823842,0.5168076699999999,0.54932366,0.53208505,0.52424108,0.55215996,0.59819479,0.6133531799999999,0.63121608,0.62986141,0.62108147,0.59141977,0.6151036,0.6698566899999999,0.67299765,0.6824939099999999,0.68796878,0.6875064799999999,0.66791695,0.67784369,0.69088184,0.73059676,0.76505211,0.79053047,0.81525596,0.95532489,0.9798691399999999,0.9485375899999999,0.95279204,1.02922341,1.02085601,1.07907569,1.03919626,1.08943593
History,IEA Energy Statistics (2017),South Africa,Final Energy|Other,EJ/yr,0.0,0.0,0.0,0.0,0.0,0.0,0.0,0.0,0.0,0.0,0.0,0.0,0.0,0.0,0.0,0.0,0.0,0.0,0.0,0.0,0.0,0.0,0.0,0.0,0.0,0.0,0.0,0.0,0.0,0.0,0.0,0.0,0.0,0.0,0.0,0.0,0.0,0.0,0.0,0.0,0.0,0.0,0.0,0.0,0.0
History,IEA Energy Statistics (2017),South Africa,Final Energy|Solar,EJ/yr,0.0,0.0,0.0,0.0,0.0,0.0,0.0,0.0,0.0,0.0,0.0,0.0,0.0,0.0,0.0,0.0,0.0,0.0,0.0,0.0,0.0,0.0,0.0,0.0,0.0,0.0,0.0,0.0,0.0,0.0,0.00051092,0.00057891,0.0006478699999999999,0.00071988,0.00074387,0.00074785,0.0008148399999999999,0.00210362,0.0024955,0.0027674699999999997,0.00300441,0.00325239,0.00380329,0.00424018,0.00472711
History,IEA Energy Statistics (2017),South Africa,Final Energy,EJ/yr,1.39034166,1.44444713,1.55289007,1.5607211399999998,1.66775149,1.72806029,1.7467083799999998,1.7826031199999999,1.76335359,1.83142644,1.9211444999999998,1.83949465,1.78591869,1.9040768399999999,1.9140338,1.90686592,1.97022133,2.07685377,2.12538334,2.13729345,2.1056597,2.00400131,1.99720722,2.0539809399999998,2.18909354,2.31818272,2.3998114999999998,2.39548059,2.32529756,2.34824587,2.31358302,2.43633882,2.55197145,2.6570792699999997,2.69134735,2.7254100599999997,2.9088268999999998,2.95104509,3.06464562,2.85579627,2.91486695,2.9889036399999998,3.12449634,3.1183647299999997,3.13133539
History,IEA Energy Statistics (2017),South Africa,Primary Energy|Biomass,EJ/yr,0.19676217999999998,0.20666028,0.21495868999999998,0.22825613,0.25045185999999997,0.2419535,0.24095369,0.24495292,0.25395119,0.26396347,0.29195809,0.30295596999999996,0.30895481999999996,0.34193189999999996,0.34693093999999997,0.35292977999999997,0.37792259,0.39893275,0.42692502,0.43592328999999996,0.44492156,0.45190359999999996,0.4599163,0.46891457,0.47891265,0.48705299999999996,0.49483752,0.50375779,0.51607276,0.5290177899999999,0.5399480999999999,0.54641462,0.55346904,0.56078041,0.56833093,0.57616338,0.58427677,0.59268517,0.60141146,0.61045571,0.6198000499999999,0.62948735,0.6395425699999999,0.64997675,0.66076103
History,IEA Energy Statistics (2017),South Africa,Primary Energy|Coal,EJ/yr,1.34391972,1.34421338,1.4169017499999998,1.49498336,1.56335849,1.63719518,1.65987629,1.7651818,1.8624556099999998,1.99633964,2.25285328,2.54039838,2.61996312,2.82172928,2.82776513,2.9487471999999997,3.06576793,3.11174837,2.9064132999999996,2.7858592499999997,2.93671028,2.71567709,3.04981497,3.14235463,3.26968741,3.3121597699999996,3.40734256,3.35112586,3.43306371,3.42385802,3.4223634699999996,3.29403896,3.63921161,3.9398458699999996,3.84923812,3.91863211,4.03958952,4.41799724,4.33952739,4.2066557399999995,4.11563533,4.05833997,3.9953992699999996,4.271892729999999,4.03353682
History,IEA Energy Statistics (2017),South Africa,Primary Energy|Fossil,EJ/yr,1.70490381,1.7247907299999998,1.8414214599999998,1.9037580699999999,2.00612184,2.08580694,2.12428653,2.24555384,2.31031372,2.4371210899999998,2.70655507,2.96385615,3.00986143,3.23237754,3.2113589499999997,3.3168121,3.4569463899999997,3.54043654,3.3356754399999997,3.2809486399999996,3.43069143,3.15830031,3.44422238,3.5409800899999997,3.74130399,3.76524643,3.863092,3.81750666,3.87259778,3.84600214,4.02308675,3.91104621,4.23747116,4.67882148,4.679969949999999,4.64384094,5.0070716299999996,5.44698749,5.30927948,5.18100252,5.1926125999999995,5.060012759999999,5.03231727,5.29002607,5.13401423
History,IEA Energy Statistics (2017),South Africa,Primary Energy|Gas,EJ/yr,0.0,0.0,0.0,0.0,0.0,0.0,0.0,0.0,0.0,0.0,0.0,0.0,0.0,0.0,0.0,0.0,0.0,0.0,0.0,0.06298203,0.06388178,0.06433164999999999,0.07179324,0.07179324,0.07179324,0.06461417,0.057691549999999994,0.04857086,0.06354707999999999,0.058504919999999995,0.07600851,0.07536608,0.04518332,0.1163917,0.11549016,0.11203244999999999,0.14436559999999998,0.14853502,0.12872177999999998,0.16215715,0.1609542,0.1692552,0.17164762,0.16141663,0.17805292
History,IEA Energy Statistics (2017),South Africa,Primary Energy|Geothermal,EJ/yr,0.0,0.0,0.0,0.0,0.0,0.0,0.0,0.0,0.0,0.0,0.0,0.0,0.0,0.0,0.0,0.0,0.0,0.0,0.0,0.0,0.0,0.0,0.0,0.0,0.0,0.0,0.0,0.0,0.0,0.0,0.0,0.0,0.0,0.0,0.0,0.0,0.0,0.0,0.0,0.0,0.0,0.0,0.0,0.0,0.0
History,IEA Energy Statistics (2017),South Africa,Primary Energy|Hydro,EJ/yr,0.00040327,0.00300294,0.0035466399999999998,0.00407593,0.00403273,0.00675482,0.0069996599999999996,0.00686644,0.0041191399999999994,0.0035718399999999997,0.00595187,0.00365826,0.00214239,0.00201636,0.0022467999999999998,0.005843849999999999,0.005822249999999999,0.01138525,0.009934189999999999,0.00363665,0.00712928,0.00270769,0.00052569,0.0038670999999999996,0.0019047399999999998,0.00474925,0.00753256,0.00574303,0.00261407,0.0039643099999999995,0.00714729,0.008580339999999999,0.00252405,0.0034206199999999997,0.0047960599999999996,0.01043468,0.0031253599999999998,0.00433158,0.00504091,0.0076117699999999995,0.00740653,0.0043387799999999995,0.00417315,0.00351063,0.00288412
History,IEA Energy Statistics (2017),South Africa,Primary Energy|Nuclear,EJ/yr,0.0,0.0,0.0,0.0,0.0,0.0,0.0,0.0,0.0,0.0,0.0,0.0,0.0,0.0428259,0.057992249999999995,0.09605000999999999,0.06728848999999999,0.11448968,0.12110180999999999,0.09218752,0.09977069,0.10134187,0.0791597,0.1058045,0.12330582,0.12847765,0.13799211,0.14840124999999998,0.14006521,0.14195283,0.11695557999999999,0.13083444,0.1381667,0.14582624,0.12321852999999999,0.10939422,0.12348041,0.14188734,0.13972695999999998,0.13201285999999998,0.14732106,0.13043074999999998,0.15391132999999999,0.15050708999999998,0.13351855999999998
History,IEA Energy Statistics (2017),South Africa,Primary Energy|Ocean,EJ/yr,0.0,0.0,0.0,0.0,0.0,0.0,0.0,0.0,0.0,0.0,0.0,0.0,0.0,0.0,0.0,0.0,0.0,0.0,0.0,0.0,0.0,0.0,0.0,0.0,0.0,0.0,0.0,0.0,0.0,0.0,0.0,0.0,0.0,0.0,0.0,0.0,0.0,0.0,0.0,0.0,0.0,0.0,0.0,0.0,0.0
History,IEA Energy Statistics (2017),South Africa,Primary Energy|Oil,EJ/yr,0.36098409,0.38057735,0.42451971,0.40877471,0.44276335,0.44861175999999997,0.46441024,0.48037204,0.44785811,0.44078144999999996,0.45370179,0.42345776999999996,0.38989830999999997,0.41064826,0.38359382,0.3680649,0.39117846,0.42868817,0.42926213999999996,0.43210736,0.43009937,0.37829156999999997,0.32261417,0.32683222,0.39982333999999997,0.38847249,0.39805788999999997,0.41780994,0.37598698999999997,0.3636392,0.52471477,0.54164117,0.55307623,0.62258391,0.7152416699999999,0.61317638,0.82311651,0.8804552299999999,0.84103031,0.81218963,0.9160230699999999,0.8324175899999999,0.86527038,0.8567167099999999,0.9224244899999999
History,IEA Energy Statistics (2017),South Africa,Primary Energy|Other,EJ/yr,0.0,0.0,0.0,0.0,0.0,0.0,0.0,0.0,0.0,0.0,0.0,0.0,0.0,0.0,0.0,0.0,0.0,0.0,0.0,0.0,0.0,0.0,0.0,0.0,0.0,0.0,0.0,0.0,0.0,0.0,0.0,0.0,0.0,0.0,0.0,0.0,0.0,0.0,0.0,0.0,0.0,0.0,0.0,0.0,0.0
History,IEA Energy Statistics (2017),South Africa,Primary Energy|Solar,EJ/yr,0.0,0.0,0.0,0.0,0.0,0.0,0.0,0.0,0.0,0.0,0.0,0.0,0.0,0.0,0.0,0.0,0.0,0.0,0.0,0.0,0.0,0.0,0.0,0.0,0.0,0.0,0.0,0.0,0.0,0.0,0.00051092,0.00057891,0.0006478699999999999,0.00071988,0.00074387,0.00074785,0.0008148399999999999,0.00210362,0.0024955,0.0027674699999999997,0.00300441,0.00325239,0.00396892,0.00815048,0.012587319999999999
History,IEA Energy Statistics (2017),South Africa,Primary Energy,EJ/yr,1.9020188599999999,1.93407949,2.05922826,2.13523317,2.25967746,2.33770903,2.38617798,2.52116988,2.60359478,2.73742949,3.0112414299999997,3.27475155,3.33444665,3.6176934299999997,3.61739834,3.76723215,3.90370575,4.061654369999999,3.8896037299999997,3.8081484899999998,3.9766547099999996,3.70892091,3.9748620499999996,4.11011453,4.335161729999999,4.4300375899999995,4.54978371,4.5200567199999995,4.5746872199999995,4.56534391,4.695584419999999,4.60557039,4.9248506899999995,5.37724,5.36866623,5.32994834,5.70747741,6.17512288,6.051736,5.9250611,5.959209469999999,5.80954762,5.81783995,6.09569346,5.94635776
History,IEA Energy Statistics (2017),South Africa,Primary Energy|Wind,EJ/yr,0.0,0.0,0.0,0.0,0.0,0.0,0.0,0.0,0.0,0.0,0.0,0.0,0.0,0.0,0.0,0.0,0.0,0.0,0.0,0.0,0.0,0.0,0.0,0.0,0.0,0.0,0.0,0.0,0.0,0.0,0.0,0.0,2.16e-05,4.3209999999999995e-05,4.3209999999999995e-05,4.3209999999999995e-05,4.3209999999999995e-05,7.561e-05,0.00010802,0.00012241999999999998,0.00013322,0.00013322,0.00013322,0.00309656,0.00817347
History,IEA Energy Statistics (2017),South Africa,Final Energy|Industry|Solids|Biomass,EJ/yr,0.03199385,0.03199385,0.030994039999999997,0.03399347,0.04499135,0.04899058,0.04899058,0.04899058,0.04899058,0.04299174,0.05498943,0.05298982,0.04299174,0.059988469999999995,0.04799078,0.04899058,0.051990009999999996,0.055989239999999996,0.05698905,0.057988849999999995,0.05898866,0.06098828,0.061988089999999996,0.06298788999999999,0.0639877,0.06421165,0.06401471,0.06398071,0.0661133,0.06625924999999999,0.06772099,0.06927567,0.07021749,0.07114931,0.07210314,0.07309194,0.07411875,0.07518454,0.07629132999999999,0.0774401,0.07863186999999999,0.07985467,0.0811254,0.08244617,0.08381688999999999
History,IEA Energy Statistics (2017),South Africa,Final Energy|Industry|Solids|Coal,EJ/yr,0.35540795,0.36701698,0.42684194999999997,0.43437446999999996,0.46393146999999996,0.52959558,0.55088797,0.5433755499999999,0.56536161,0.60693782,0.63447705,0.55162735,0.47395293,0.46520741,0.48593684,0.47545062,0.49203758999999997,0.50992167,0.47759032999999995,0.46394827,0.41124508,0.36665432,0.30872316,0.32316263,0.33889336999999997,0.37595429999999996,0.41237509,0.44083257,0.37997276999999996,0.37972218999999996,0.34158815,0.37631143,0.40190969,0.47168476,0.5299165699999999,0.49324895999999996,0.42385648,0.4302699,0.6076679199999999,0.49196968999999996,0.39312566,0.3918077,0.45035907999999997,0.470512,0.47599934
History,IEA Energy Statistics (2017),South Africa,Final Energy|Industry|Electricity,EJ/yr,0.11712547999999999,0.1194479,0.12802824,0.13711988,0.1505647,0.16318496999999998,0.17054108999999998,0.18470244,0.20256526,0.2117289,0.21808044999999998,0.21572561999999998,0.22097897,0.24528693999999998,0.25693864,0.26718608,0.27549278,0.28624792,0.29291992,0.29648095999999996,0.29680141,0.26214158,0.27259066,0.27250063999999996,0.29041747,0.32371266,0.32931527,0.36678361,0.35888739,0.34905401999999996,0.37389129,0.40696684,0.38423955,0.40644115,0.3961577,0.40876355999999997,0.42438677999999996,0.42161427999999995,0.4106431,0.4334244,0.44655236,0.43870295,0.4378568,0.43593764999999995,0.43770197
History,IEA Energy Statistics (2017),South Africa,Final Energy|Industry|Fossil,EJ/yr,0.43328231,0.45212537999999997,0.51887853,0.51979422,0.54379505,0.60599375,0.62605195,0.6187095699999999,0.6573439,0.7007360499999999,0.72791622,0.6376488499999999,0.55478061,0.55378649,0.57350686,0.55752886,0.57390686,0.59294403,0.56096132,0.55471425,0.50001692,0.441787,0.36354901,0.38057800999999997,0.39048391,0.44016654,0.47748958999999996,0.5086700599999999,0.44317806,0.44176496,0.39768824999999997,0.43403876999999996,0.46154656,0.5316225299999999,0.58832729,0.5511925999999999,0.48248855999999996,0.49375359999999996,0.67464844,0.5876184799999999,0.53589738,0.5428044799999999,0.60568329,0.62840665,0.64593795
History,IEA Energy Statistics (2017),South Africa,Final Energy|Industry|Gases,EJ/yr,0.0,0.0,0.0,0.0,0.0,0.0,0.0,0.0,0.0,0.0,0.0,0.0,0.0,0.0,0.0,0.0,0.0,0.0,0.0,0.0,0.0,0.0,0.0,0.0,0.0,0.0,0.0,0.0,0.0,0.0,0.0,0.0,0.0,0.0,0.0,0.0,0.0,0.0,0.0,0.03435579,0.07258587999999999,0.07223231,0.07134697,0.07107524,0.07287293
History,IEA Energy Statistics (2017),South Africa,Final Energy|Industry|Geothermal,EJ/yr,0.0,0.0,0.0,0.0,0.0,0.0,0.0,0.0,0.0,0.0,0.0,0.0,0.0,0.0,0.0,0.0,0.0,0.0,0.0,0.0,0.0,0.0,0.0,0.0,0.0,0.0,0.0,0.0,0.0,0.0,0.0,0.0,0.0,0.0,0.0,0.0,0.0,0.0,0.0,0.0,0.0,0.0,0.0,0.0,0.0
History,IEA Energy Statistics (2017),South Africa,Final Energy|Industry|Heat,EJ/yr,0.0,0.0,0.0,0.0,0.0,0.0,0.0,0.0,0.0,0.0,0.0,0.0,0.0,0.0,0.0,0.0,0.0,0.0,0.0,0.0,0.0,0.0,0.0,0.0,0.0,0.0,0.0,0.0,0.0,0.0,0.0,0.0,0.0,0.0,0.0,0.0,0.0,0.0,0.0,0.0,0.0,0.0,0.0,0.0,0.0
History,IEA Energy Statistics (2017),South Africa,Final Energy|Industry|Liquids,EJ/yr,0.07787435999999999,0.0851084,0.09203657999999999,0.08541975,0.07986357999999999,0.07639817,0.07516397999999999,0.07533402,0.09198229,0.09379823,0.09343917,0.0860215,0.08082768,0.08857907999999999,0.08757002,0.08207824,0.08186927,0.08302235999999999,0.08337098999999999,0.09076598,0.08877183999999999,0.07513268,0.054825849999999995,0.057415379999999995,0.05159054,0.06421223999999999,0.06511449999999999,0.06783749,0.06320529,0.06204277,0.0561001,0.057727339999999995,0.059636869999999995,0.059937769999999994,0.05841072,0.05794364,0.058632079999999996,0.06348369999999999,0.06698052,0.061293,0.07018584,0.07876446999999999,0.08397724,0.08681941,0.09706568
History,IEA Energy Statistics (2017),South Africa,Final Energy|Industry|Other,EJ/yr,0.0,0.0,0.0,0.0,0.0,0.0,0.0,0.0,0.0,0.0,0.0,0.0,0.0,0.0,0.0,0.0,0.0,0.0,0.0,0.0,0.0,0.0,0.0,0.0,0.0,0.0,0.0,0.0,0.0,0.0,0.0,0.0,0.0,0.0,0.0,0.0,0.0,0.0,0.0,0.0,0.0,0.0,0.0,0.0,0.0
History,IEA Energy Statistics (2017),South Africa,Final Energy|Industry|Solar,EJ/yr,0.0,0.0,0.0,0.0,0.0,0.0,0.0,0.0,0.0,0.0,0.0,0.0,0.0,0.0,0.0,0.0,0.0,0.0,0.0,0.0,0.0,0.0,0.0,0.0,0.0,0.0,0.0,0.0,0.0,0.0,0.0,0.0,0.0,0.0,0.0,0.0,0.0,0.0,0.0,0.0,0.0,0.0,0.0,0.0,0.0
History,IEA Energy Statistics (2017),South Africa,Final Energy|Industry,EJ/yr,0.58240163,0.60356712,0.67790082,0.69090758,0.7393511199999999,0.8181693,0.8455836299999999,0.85240259,0.9088997299999999,0.95545669,1.00098609,0.9063642799999999,0.81875131,0.8590618999999999,0.87843628,0.87370553,0.9013896499999999,0.93518119,0.91087029,0.9091840499999999,0.855807,0.76491685,0.69812776,0.71606656,0.74488908,0.82809084,0.87081957,0.93943439,0.86817874,0.85707824,0.83930054,0.9102812899999999,0.9160035999999999,1.00921298,1.05658813,1.0330481,0.98099408,0.99055242,1.16158286,1.0984829699999998,1.06108162,1.06136209,1.1246654999999999,1.14679048,1.16745682
History,IEA Energy Statistics (2017),South Africa,Final Energy|Transportation|Solids|Biomass,EJ/yr,0.0,0.0,0.0,0.0,0.0,0.0,0.0,0.0,0.0,0.0,0.0,0.0,0.0,0.0,0.0,0.0,0.0,0.0,0.0,0.0,0.0,0.0,0.0,0.0,0.0,0.0,0.0,0.0,0.0,0.0,0.0,0.0,0.0,0.0,0.0,0.0,0.0,0.0,0.0,0.0,0.0,0.0,0.0,0.0,0.0
History,IEA Energy Statistics (2017),South Africa,Final Energy|Transportation|Solids|Coal,EJ/yr,0.13797653999999998,0.12356067,0.11467901,0.09694263,0.10528441,0.07917924999999999,0.07272722999999999,0.06384556,0.056313669999999996,0.05234526,0.04899774,0.04176283,0.035094799999999995,0.03207126,0.02672602,0.02451237,0.02051695,0.01177027,0.0045083499999999995,0.00197073,0.00102585,0.0005129199999999999,0.00253762,0.00113383,0.0014578,0.0006209,5.401e-05,0.0006209,0.0,0.0,0.0,0.0,0.0,0.0,0.0,0.0,0.0,0.0,0.0,2.7e-05,0.00224065,0.00056693,0.0005939,0.00045892,0.0
History,IEA Energy Statistics (2017),South Africa,Final Energy|Transportation|Electricity,EJ/yr,0.01180292,0.010017,0.01042748,0.01118721,0.01137445,0.012083769999999999,0.01273909,0.01266348,0.013430419999999998,0.015565599999999999,0.016750209999999998,0.01758196,0.015623209999999998,0.01654498,0.01651617,0.01620652,0.01457902,0.01483467,0.015227139999999998,0.01425136,0.01326839,0.0166674,0.014463799999999999,0.01579964,0.015446779999999998,0.015345959999999999,0.016375749999999998,0.01661339,0.015850049999999997,0.019371489999999998,0.019868379999999998,0.02232402,0.019706349999999997,0.022360019999999998,0.01960193,0.01216659,0.0238975,0.01285791,0.01274269,0.01292993,0.01357804,0.01374367,0.013426819999999999,0.0133152,0.01241143
History,IEA Energy Statistics (2017),South Africa,Final Energy|Transportation|Fossil,EJ/yr,0.35970113,0.36625325999999997,0.3885942,0.36717939,0.40620312,0.38932071999999995,0.37897883,0.38908757,0.33712226,0.34222778,0.35736062999999996,0.35850514,0.35761593999999997,0.37955501999999997,0.36331262999999997,0.35929417999999996,0.38097787,0.40098511,0.40718463,0.41688545,0.41809025,0.42502781,0.42709579999999997,0.4432757,0.49792042999999997,0.48543425999999995,0.49821869999999996,0.49327860999999995,0.49985463999999996,0.49656912999999997,0.50771733,0.51835937,0.54867532,0.5802607599999999,0.60706247,0.62284034,0.6829942,0.68225242,0.6556820999999999,0.6735444199999999,0.7063353499999999,0.7064033,0.7721846699999999,0.73519422,0.7485261099999999
History,IEA Energy Statistics (2017),South Africa,Final Energy|Transportation|Gases,EJ/yr,0.0,0.0,0.0,0.0,0.0,0.0,0.0,0.0,0.0,0.0,0.0,0.0,0.0,0.0,0.0,0.0,0.0,0.0,0.0,0.0,0.0,0.0,0.0,0.0,0.0,0.0,0.0,0.0,0.0,0.0,0.0,0.0,0.0,0.0,0.0,0.0,0.0,0.0,0.0,0.0,0.0,7.2e-06,7.2e-06,7.2e-06,7.2e-06
History,IEA Energy Statistics (2017),South Africa,Final Energy|Transportation|Geothermal,EJ/yr,0.0,0.0,0.0,0.0,0.0,0.0,0.0,0.0,0.0,0.0,0.0,0.0,0.0,0.0,0.0,0.0,0.0,0.0,0.0,0.0,0.0,0.0,0.0,0.0,0.0,0.0,0.0,0.0,0.0,0.0,0.0,0.0,0.0,0.0,0.0,0.0,0.0,0.0,0.0,0.0,0.0,0.0,0.0,0.0,0.0
History,IEA Energy Statistics (2017),South Africa,Final Energy|Transportation|Heat,EJ/yr,0.0,0.0,0.0,0.0,0.0,0.0,0.0,0.0,0.0,0.0,0.0,0.0,0.0,0.0,0.0,0.0,0.0,0.0,0.0,0.0,0.0,0.0,0.0,0.0,0.0,0.0,0.0,0.0,0.0,0.0,0.0,0.0,0.0,0.0,0.0,0.0,0.0,0.0,0.0,0.0,0.0,0.0,0.0,0.0,0.0
History,IEA Energy Statistics (2017),South Africa,Final Energy|Transportation|Liquids,EJ/yr,0.22172459,0.24269258999999999,0.27391519,0.27023675999999996,0.30091871,0.31014147,0.30625159999999996,0.32524200999999997,0.28080858999999997,0.28988252,0.30836289,0.31674230999999997,0.32252114,0.34748376,0.33658661,0.33478180999999996,0.36046091999999996,0.38921484,0.40267628,0.41491471999999996,0.4170644,0.42451489,0.42455817999999995,0.44214187,0.49646262999999996,0.48481335999999997,0.49816468999999997,0.49265770999999997,0.49985463999999996,0.49656912999999997,0.50771733,0.51835937,0.54867532,0.5802607599999999,0.60706247,0.62284034,0.6829942,0.68225242,0.6556820999999999,0.6735174199999999,0.7040947,0.70582917,0.77158357,0.7347281,0.7485189099999999
History,IEA Energy Statistics (2017),South Africa,Final Energy|Transportation|Solar,EJ/yr,0.0,0.0,0.0,0.0,0.0,0.0,0.0,0.0,0.0,0.0,0.0,0.0,0.0,0.0,0.0,0.0,0.0,0.0,0.0,0.0,0.0,0.0,0.0,0.0,0.0,0.0,0.0,0.0,0.0,0.0,0.0,0.0,0.0,0.0,0.0,0.0,0.0,0.0,0.0,0.0,0.0,0.0,0.0,0.0,0.0
History,IEA Energy Statistics (2017),South Africa,Final Energy|Transportation,EJ/yr,0.37150405999999997,0.37627026999999996,0.39902168,0.3783666,0.41757756999999995,0.40140451,0.39171793,0.40175105,0.35055268,0.35779338,0.37411084,0.3760871,0.37323914999999996,0.3961,0.37982879999999997,0.37550068999999997,0.39555689,0.41581978999999997,0.42241177999999996,0.43113682,0.43135863999999996,0.44169522,0.44155961,0.45907533,0.5133672,0.50078022,0.51459444,0.50989199,0.51570469,0.51594062,0.5275856999999999,0.54068339,0.56838167,0.60262078,0.6266644,0.63500693,0.70689169,0.69511033,0.6684247999999999,0.68647434,0.71991339,0.72014698,0.78561149,0.7485094099999999,0.7609375399999999
History,IEA Energy Statistics (2017),South Africa,Final Energy|Residential and Commercial|Solids|Biomass,EJ/yr,0.16267727999999998,0.17189111999999998,0.18022838,0.18953467,0.19908736,0.18470620999999998,0.18072359999999998,0.1809558,0.18471099,0.19397227,0.20098988999999998,0.20799093,0.21497777999999998,0.22194799999999998,0.22996543,0.23496446999999998,0.24496494,0.24995217,0.25895522,0.26497064,0.26996968,0.27293829,0.27796814999999997,0.2839528,0.28995164,0.29489118,0.29958115999999996,0.30499523,0.31245159,0.32028866,0.3269207,0.33083619999999997,0.33509251,0.33951551999999996,0.34408156,0.34882835,0.35375291,0.35883445999999997,0.36411473,0.36959379,0.37524785,0.38111364999999997,0.38720519,0.39352755,0.40005179999999996
History,IEA Energy Statistics (2017),South Africa,Final Energy|Residential and Commercial|Solids|Coal,EJ/yr,0.13491247,0.13688767,0.13470099,0.13724762,0.14504045999999998,0.15142949,0.12996769,0.14145899,0.11645166,0.09743747,0.07985408,0.07367203,0.06829075999999999,0.08945563,0.09013059,0.07144934,0.07215125,0.07939512,0.09263215999999999,0.10199077999999999,0.10749792999999999,0.1098376,0.14341515,0.13590397999999998,0.11895863,0.10226431,0.10513665999999999,0.08148190999999999,0.06671779,0.06579352,0.10387882,0.13670680999999998,0.15801297,0.18231382999999998,0.19906488,0.22597800999999998,0.29709533,0.32772056,0.31358901,0.14058788,0.15774828999999999,0.25992097999999997,0.27333347999999996,0.28078254999999996,0.23561825
History,IEA Energy Statistics (2017),South Africa,Final Energy|Residential and Commercial|Electricity,EJ/yr,0.038887,0.054895479999999997,0.060066009999999996,0.06588466,0.0678146,0.07272229,0.07850852999999999,0.08416515,0.09260866999999999,0.10593827,0.11844692,0.12657717999999998,0.13300434,0.14299253,0.14999579,0.16225599999999998,0.16801344,0.17924746,0.1877846,0.18790701999999998,0.18607068999999998,0.17895940999999999,0.18466643,0.20297573,0.2017299,0.26233961,0.28483645999999996,0.22824867999999998,0.22631152999999998,0.25858053999999997,0.20782579999999998,0.21594165999999998,0.26503289999999996,0.24906762,0.27986396999999996,0.29649536,0.30380107,0.29283709999999996,0.27667738999999997,0.28435036999999996,0.28555299,0.26957692,0.26817266,0.26640833999999997,0.2644748
History,IEA Energy Statistics (2017),South Africa,Final Energy|Residential and Commercial|Fossil,EJ/yr,0.19583430999999998,0.1983298,0.19689993,0.19982492,0.20813809,0.2169759,0.19527757999999998,0.20705271,0.17114546,0.15236598999999998,0.13837876,0.12622661999999998,0.12082957,0.14657647999999998,0.14630911,0.12708049,0.13151404,0.14373262,0.15890706999999998,0.16739919,0.17398,0.17118548,0.22891881,0.22270805999999999,0.21211291999999998,0.19707724,0.19527008999999998,0.18549575,0.17013761,0.15959832,0.19903737,0.23093015,0.2496938,0.27385578,0.28698898,0.32333483999999996,0.38602676999999996,0.41535785999999997,0.40242143999999996,0.23243286999999999,0.28647763,0.38170273,0.39074525,0.39123247,0.34524383999999997
History,IEA Energy Statistics (2017),South Africa,Final Energy|Residential and Commercial|Gases,EJ/yr,0.0,0.0,0.0,0.0,0.0,0.0,0.0,0.0,0.0,0.0,0.0,0.0,0.0,0.0,0.0,0.0,0.0,0.0,0.0,0.0,0.0,0.0,0.0,0.0,0.0,0.0,0.0,0.0,0.0,0.0,0.0,0.0,0.0,0.0,0.0,0.0,0.0,0.0,0.0,2.7e-05,3.6009999999999996e-05,3.689e-05,4.049e-05,6.748999999999999e-05,6.389e-05
History,IEA Energy Statistics (2017),South Africa,Final Energy|Residential and Commercial|Geothermal,EJ/yr,0.0,0.0,0.0,0.0,0.0,0.0,0.0,0.0,0.0,0.0,0.0,0.0,0.0,0.0,0.0,0.0,0.0,0.0,0.0,0.0,0.0,0.0,0.0,0.0,0.0,0.0,0.0,0.0,0.0,0.0,0.0,0.0,0.0,0.0,0.0,0.0,0.0,0.0,0.0,0.0,0.0,0.0,0.0,0.0,0.0
History,IEA Energy Statistics (2017),South Africa,Final Energy|Residential and Commercial|Heat,EJ/yr,0.0,0.0,0.0,0.0,0.0,0.0,0.0,0.0,0.0,0.0,0.0,0.0,0.0,0.0,0.0,0.0,0.0,0.0,0.0,0.0,0.0,0.0,0.0,0.0,0.0,0.0,0.0,0.0,0.0,0.0,0.0,0.0,0.0,0.0,0.0,0.0,0.0,0.0,0.0,0.0,0.0,0.0,0.0,0.0,0.0
History,IEA Energy Statistics (2017),South Africa,Final Energy|Residential and Commercial|Liquids,EJ/yr,0.06092184,0.06144213,0.062198939999999994,0.0625773,0.06309763,0.06554641,0.06530989,0.06559372,0.054693799999999994,0.054928519999999995,0.058524679999999996,0.05255459,0.05253881,0.057120849999999994,0.056178519999999996,0.05563115,0.05936279,0.06433749999999999,0.06627490999999999,0.06540841,0.06648206999999999,0.061347879999999994,0.08550366,0.08680407999999999,0.09315429,0.09481292999999999,0.09013343,0.10401384,0.10341982,0.0938048,0.09515855,0.09422333999999999,0.09168082999999999,0.09154195,0.08792409999999999,0.09735682999999999,0.08893144,0.0876373,0.08883242999999999,0.09181799,0.12869333,0.12174486,0.11737128,0.11038242999999999,0.1095617
History,IEA Energy Statistics (2017),South Africa,Final Energy|Residential and Commercial|Other,EJ/yr,0.0,0.0,0.0,0.0,0.0,0.0,0.0,0.0,0.0,0.0,0.0,0.0,0.0,0.0,0.0,0.0,0.0,0.0,0.0,0.0,0.0,0.0,0.0,0.0,0.0,0.0,0.0,0.0,0.0,0.0,0.0,0.0,0.0,0.0,0.0,0.0,0.0,0.0,0.0,0.0,0.0,0.0,0.0,0.0,0.0
History,IEA Energy Statistics (2017),South Africa,Final Energy|Residential and Commercial|Solar,EJ/yr,0.0,0.0,0.0,0.0,0.0,0.0,0.0,0.0,0.0,0.0,0.0,0.0,0.0,0.0,0.0,0.0,0.0,0.0,0.0,0.0,0.0,0.0,0.0,0.0,0.0,0.0,0.0,0.0,0.0,0.0,0.00051092,0.00057891,0.0006478699999999999,0.00071988,0.00074387,0.00074785,0.0008148399999999999,0.00210362,0.0024955,0.0027674699999999997,0.00300441,0.00325239,0.00380329,0.00424018,0.00472711
History,IEA Energy Statistics (2017),South Africa,Final Energy|Residential and Commercial,EJ/yr,0.39739858,0.42511641,0.43719431999999997,0.45524424999999996,0.47504006,0.47440437999999996,0.45450970999999996,0.47217366,0.44846509999999995,0.45227651999999996,0.45781556999999995,0.46079473,0.4688117,0.5115170099999999,0.52627033,0.52430095,0.54449242,0.57293226,0.60564687,0.62027685,0.63002037,0.62308318,0.6915533899999999,0.7096366,0.70379446,0.75430804,0.7796877099999999,0.7187396699999999,0.70890073,0.73846749,0.7342947999999999,0.7782869699999999,0.85046707,0.8631588499999999,0.9116783799999999,0.9694064,1.04439559,1.069133,1.04570907,0.88914452,0.9502828499999999,1.03564568,1.04992639,1.0554085,1.01449752
History,IEA Energy Statistics (2017),South Africa,Final Energy|Non-Energy Use|Biomass,EJ/yr,0.0,0.0,0.0,0.0,0.0,0.0,0.0,0.0,0.0,0.0,0.0,0.0,0.0,0.0,0.0,0.0,0.0,0.0,0.0,0.0,0.0,0.0,0.0,0.0,0.0,0.0,0.0,0.0,0.0,0.0,0.0,0.0,0.0,0.0,0.0,0.0,0.0,0.0,0.0,0.0,0.0,0.0,0.0,0.0,0.0
History,IEA Energy Statistics (2017),South Africa,Final Energy|Non-Energy Use|Coal,EJ/yr,0.03131538,0.03169332,0.03190928,0.029182669999999997,0.02837281,0.02667205,0.02653707,0.028075839999999998,0.0264561,0.034149929999999995,0.04770193,0.04332857,0.0641965,0.08125795999999999,0.0777485,0.0816089,0.07831539,0.09130046,0.12542341999999998,0.11656872,0.13093061,0.11422009,0.13943434,0.14046018999999998,0.19839361,0.20584448,0.20562852999999998,0.20395476999999998,0.21148666,0.22125923,0.19353432999999998,0.18651536999999999,0.18651536999999999,0.14877497,0.059283199999999994,0.050833489999999995,0.051778319999999996,0.04975363,0.051886299999999996,0.055530779999999995,0.05733952,0.0572315,0.05814938,0.06039007,0.054153959999999994
History,IEA Energy Statistics (2017),South Africa,Final Energy|Non-Energy Use|Fossil,EJ/yr,0.03903739,0.03949333,0.038773289999999995,0.03620268,0.03578282,0.03408206,0.05489707,0.05627587,0.05543613,0.06589993999999999,0.08823194999999999,0.09624859,0.12511649,0.13739795999999999,0.12949852,0.13335892,0.12878237,0.15292048,0.1864544,0.17669569,0.18847361999999998,0.17430611,0.16596642,0.16920245,0.22704288,0.23500356,0.23470976,0.2274145,0.23251339999999998,0.23675948,0.21240203,0.20708712999999998,0.21711912,0.18208665,0.09641638999999999,0.08794864,0.1765455,0.1962493,0.18892894,0.18169447,0.18358908,0.17174902,0.16429296999999998,0.16765631,0.18844360999999998
History,IEA Energy Statistics (2017),South Africa,Final Energy|Non-Energy Use|Gas,EJ/yr,0.0,0.0,0.0,0.0,0.0,0.0,0.0,0.0,0.0,0.0,0.0,0.0,0.0,0.0,0.0,0.0,0.0,0.0,0.0,0.0,0.0,0.0,0.0,0.0,0.0,0.0,0.0,0.0,0.0,0.0,0.0,0.0,0.0,0.0,0.0,0.0,0.0,0.0,0.0,0.0,0.0,0.0,0.0,0.0,0.0
History,IEA Energy Statistics (2017),South Africa,Final Energy|Non-Energy Use|Oil,EJ/yr,0.00772201,0.00780001,0.006864009999999999,0.007020009999999999,0.00741001,0.00741001,0.02836,0.028200029999999997,0.028980029999999997,0.031750009999999995,0.04053002,0.05292002,0.06091999,0.056139999999999995,0.05175002,0.05175002,0.050466979999999995,0.06162002,0.06103098,0.060126969999999995,0.05754301,0.06008602,0.02653208,0.02874226,0.028649269999999998,0.029159079999999997,0.02908123,0.023459729999999998,0.02102674,0.015500249999999998,0.018867699999999998,0.020571759999999998,0.03060375,0.033311679999999996,0.037133189999999996,0.03711515,0.12476717999999999,0.14649567,0.13704264,0.12616369,0.12624955999999998,0.11451752,0.10614359,0.10726624,0.13428964999999998
History,IEA Energy Statistics (2017),South Africa,Final Energy|Non-Energy Use,EJ/yr,0.03903739,0.03949333,0.03877328,0.03620267,0.03578282,0.03408206,0.05489707,0.05627587,0.05543612,0.06589993999999999,0.08823194999999999,0.09624859,0.12511649,0.13739795999999999,0.12949852,0.13335892,0.12878237,0.15292048,0.18645441,0.17669569,0.18847361999999998,0.17430611,0.16596643,0.16920245,0.22704288,0.23500358,0.23470975,0.2274145,0.23251339,0.23675948,0.21240202,0.20708711999999999,0.21711912,0.18208665,0.09641638999999999,0.08794863,0.17654551,0.1962493,0.18892893,0.18169448,0.18358908999999998,0.17174903,0.16429296,0.16765629999999998,0.1884436
History,IEA Energy Statistics (2017),South Africa,Primary Energy|Biomass|Electricity,EJ/yr,-0.0,-0.0,-0.0,-0.0,-0.0,-0.0,-0.0,-0.0,-0.0,-0.0,-0.0,-0.0,-0.0,-0.0,-0.0,-0.0,-0.0,-0.0,-0.0,-0.0,-0.0,-0.0,-0.0,-0.0,-0.0,-0.0,-0.0,-0.0,-0.0,-0.0,-0.0,-0.0,-0.0,-0.0,-0.0,-0.0,-0.0,-0.0,-0.0,-0.0,-0.0,-0.0,-0.0,-0.0,-0.0
History,IEA Energy Statistics (2017),South Africa,Primary Energy|Coal|Electricity,EJ/yr,0.65176096,0.6945418,0.77679128,0.85954175,0.95281348,1.03701133,1.04394199,0.79564021,0.8694967,0.9396352299999999,1.08328857,1.10931422,1.10553597,1.1797541999999999,1.19553036,1.1840147699999999,1.32212135,1.29603545,1.35713033,1.4240935,1.41730071,1.4276305999999999,1.55337753,1.59047656,1.66007248,1.7527397599999999,1.8463113899999999,1.92038895,1.80987551,1.8860029699999998,1.75571411,1.82117004,2.00377137,2.15705121,2.1134407,2.1551620799999998,2.2183470499999998,2.50384502,2.312401,2.46276678,2.33255831,2.40961021,2.40721866,2.5394368,2.46190258
History,IEA Energy Statistics (2017),South Africa,Primary Energy|Gas|Electricity,EJ/yr,-0.0,-0.0,-0.0,-0.0,-0.0,-0.0,-0.0,-0.0,-0.0,-0.0,-0.0,-0.0,-0.0,-0.0,-0.0,-0.0,-0.0,-0.0,-0.0,-0.0,-0.0,-0.0,-0.0,-0.0,-0.0,-0.0,-0.0,-0.0,-0.0,-0.0,-0.0,-0.0,-0.0,-0.0,-0.0,-0.0,-0.0,-0.0,-0.0,-0.0,-0.0,-0.0,-0.0,-0.0,-0.0
History,IEA Energy Statistics (2017),South Africa,Primary Energy|Oil|Electricity,EJ/yr,-0.0,-0.0,-0.0,-0.0,-0.0,0.00030308,0.00012992,0.00012992,0.00017321,0.00034642,0.00025979,0.00021649999999999998,0.00043299999999999995,0.00051958,0.00043299999999999995,0.00043299999999999995,0.00043299999999999995,0.00051958,-0.0,-0.0,-0.0,-0.0,-0.0,0.0030951299999999998,0.00418261,-0.0,-0.0,-0.0,-0.0,-0.0,-0.0,-0.0,-0.0,-0.0,-0.0,-0.0,0.011844539999999999,0.0014590999999999999,0.00051498,0.0020169899999999998,0.0020169899999999998,0.00197408,0.00197408,0.00193116,0.00188825
History,IEA Energy Statistics (2017),South Africa,Primary Energy|Coal|Convert,EJ/yr,0.032546430000000015,-0.009487079999999981,-0.06802072000000003,-0.06230581000000002,-0.13208407,-0.18669250999999987,-0.16418565000000007,0.19278565000000003,0.22837591999999995,0.2658339700000001,0.35853391000000023,0.7206934300000003,0.87289215,0.9739828100000001,0.95169283,1.1117112399999998,1.08062539,1.1233254,0.84912872,0.6772871999999996,0.8687100899999998,0.6968215900000001,0.90232713,0.9512174199999999,0.9519115599999999,0.8747360199999998,0.8378369200000004,0.7038467100000001,0.9650109800000002,0.8710800700000001,1.0276480999999995,0.7733352800000002,0.8890022100000001,0.9800210699999998,0.9475327199999999,0.9934095700000003,1.04851231,1.10640817,1.05398315,1.05577365,1.1726229099999999,0.9392027199999995,0.8057447699999996,0.9203123999999994,0.8058627400000002
History,IEA Energy Statistics (2017),South Africa,Primary Energy|Gas|Convert,EJ/yr,0.0,0.0,0.0,0.0,0.0,0.0,0.0,0.0,0.0,0.0,0.0,0.0,0.0,0.0,0.0,0.0,0.0,0.0,0.0,0.06298203,0.06388178,0.06433164999999999,0.07179324,0.07179324,0.07179324,0.06461417,0.057691549999999994,0.04857086,0.06354707999999999,0.058504919999999995,0.07600851,0.07536608,0.04518332,0.1163917,0.11549016,0.11203244999999999,0.14436559999999998,0.14853502,0.12872177999999998,0.12777435,0.08833231,0.09697881,0.10025297000000001,0.09026674000000001,0.10510894000000001
History,IEA Energy Statistics (2017),South Africa,Primary Energy|Oil|Convert,EJ/yr,-0.0072587100000000015,-0.016465779999999985,-0.010495009999999971,-0.01647911000000002,-0.00852657999999995,-0.011187429999999988,-0.010805210000000004,-0.014127620000000002,-0.00877981000000002,-0.029924199999999998,-0.0474148,-0.08499715000000001,-0.12734235999999996,-0.13919498,-0.14892422999999996,-0.15660918000000004,-0.1614145,-0.1700262,-0.18409103999999998,-0.19910871999999996,-0.19976203999999997,-0.24278990000000006,-0.26880560000000003,-0.29136650999999997,-0.2742159599999999,-0.28452516,-0.28443601999999996,-0.27015883999999996,-0.31151948999999995,-0.30427774999999996,-0.15312892,-0.14924066999999996,-0.17752053,-0.14246819999999993,-0.07528880000000004,-0.20207958000000004,-0.14405292,-0.10087301,-0.10802225999999998,-0.14261939999999995,-0.11521733,-0.19041249999999998,-0.21577939000000002,-0.18441071000000003,-0.16889969000000013
