scenario,iso,year,pop,gdp,urbanization,gini,gdppc,hh_gdp,income,k_i,k_t,n_u,n_r,i_r,i_u,g_u,g_r,T,T_emp,T_b,T_w,T_w_emp,t_r,t_r_emp,t_u,t_u_emp,gini_r,gini_u,gini_r_emp,gini_u_emp
SSP1,ZAF,2010,50133000.0,522418981248.0,0.6221800000000001,0.6938,10420.6606676,308310329470.0,6149.84799374,2.0696348251299996,1.06903856043,31191749.94,18941250.06,3692.48157968,7642.08846846,238370112527.0,69940216942.7,1.0469957871,0.8833861186799998,0.052239137651500005,0.994756649451,0.831146981029,0.944349933101,0.789030760804,1.00954649302,0.843504308665,0.66883834474,0.684988490245,0.662368621585,0.6808914462469999
SSP1,ZAF,2015,52396000.0,627500065445.0,0.65351,0.6921475216670001,11976.106295200001,370324890297.0,7067.80842616,1.9507809064900001,1.08309564572,34241309.96,18154690.04,4359.22593054,8503.89471238,291184494714.0,79140395583.3,1.03986668991,0.8781880894840001,0.042169562698099995,0.997697127211,0.836018526786,0.93650788855,0.784745113477,1.0143276162700001,0.849954015404,0.666822455553,0.686131696327,0.660865552345,0.683015338832
SSP1,ZAF,2020,54709000.0,782115995300.0,0.68829,0.690214209444,14295.9292859,461572892353.0,8436.87313519,1.83192698785,1.097152731,37655657.61,17053342.39,5364.89599321,9828.09775697,370083484094.0,91489408259.0,1.03158882399,0.872141752635,0.032642199264099996,0.998946624722,0.839499553371,0.926756149839,0.778831776012,1.01679304077,0.854497410043,0.664292741478,0.6867190814569999,0.658780286244,0.6845029565790001
SSP1,ZAF,2025,56784000.0,971989300084.0,0.72106,0.686832822222,17117.309454799997,573628355988.0,10101.9363903,1.71307306921,1.11120981629,40944671.04,15839328.96,6671.60663333,11428.949651899999,467954583830.0,105673772157.0,1.01727114118,0.861656451655,0.0242589168354,0.993012224341,0.837397534819,0.910416714216,0.7677455457800001,1.01166398975,0.8531263868819999,0.659996123645,0.685495471637,0.654835064494,0.684054789321
SSP1,ZAF,2030,58468000.0,1195966778310.0,0.75162,0.6814741977779999,20455.065648,705810708818.0,12071.7436686,1.59421915057,1.12526690157,43945718.16,14522281.84,8344.75209277,13303.363593,584625867040.0,121184841776.0,0.994990095995,0.845269667773,0.0170731627435,0.977916933252,0.8281965050300001,0.885987666638,0.750341735642,0.996972596471,0.8443347199869999,0.653433066735,0.6819558385789999,0.648545728543,0.6811657015270001
SSP1,ZAF,2035,59893000.0,1453578566380.0,0.77986,0.6756199177779999,24269.5902089,857842656561.0,14322.920150299999,1.47536523193,1.13932398686,46708154.98,13184845.02,10449.2074259,15416.397337399998,720071476069.0,137771180493.0,0.971204024215,0.8276810684129999,0.011111660129,0.9600923640860001,0.816569408284,0.859567426344,0.7310718124269999,0.979325787157,0.832927652016,0.6461402274570001,0.6776346848520001,0.641441812829,0.6773774934569999
SSP1,ZAF,2040,61035000.0,1730294105470.0,0.80572,0.668803001111,28349.211198,1021148857310.0,16730.5457083,1.35651131329,1.15338107215,49177120.2,11857879.8,12997.1395331,17630.766817,867030338979.0,154118518327.0,0.9442118947779999,0.807600939349,0.00638939517425,0.937822499604,0.8012115441750001,0.82976121214,0.708891354553,0.9570308764830001,0.817621870549,0.637658413914,0.6720639182829999,0.6330765359839999,0.672222973788
SSP1,ZAF,2045,61855000.0,2011166891910.0,0.82921,0.6605061616669999,32514.2169899,1186908495520.0,19188.561887,1.23765739465,1.16743815743,51290784.55,10564215.45,16029.635475100002,19839.1968792,1017567972780.0,169340522744.0,0.9123417793529999,0.7837232935959999,0.00292433069293,0.9094174486609999,0.780798962903,0.7952587329970001,0.68278566117,0.928415389931,0.797110034198,0.627485278194,0.6647249761999999,0.6229625129590001,0.66518360331
SSP1,ZAF,2050,62344000.0,2282903197470.0,0.8503799999999999,0.6509364599040001,36617.8493113,1347276156160.0,21610.357952000002,1.11880347601,1.18149524272,53016090.72,9327909.28,19627.4354428,21959.2429985,1164193218950.0,183082937210.0,0.8768585613700001,0.7569187996160001,0.000760295205384,0.876098266164,0.756158504411,0.757325642637,0.653646111864,0.894776643964,0.7722797715880001,0.615833246093,0.655813843166,0.6113143962309999,0.656454324794
SSP1,ZAF,2055,62471000.0,2544045014530.0,0.86934,0.6456971866669999,40723.61599030001,1501391382720.0,24033.413627500002,1.10839592942,1.17855559041,54308539.14,8162460.86,21963.7092322,24344.485908000002,1322113465780.0,179277916948.0,0.857986342988,0.742566088343,0.0005715529644600001,0.8574147900229999,0.741994535378,0.740916968814,0.641178981778,0.873211835627,0.75566507343,0.61063270143,0.649932331248,0.606210392708,0.650482050612
SSP1,ZAF,2060,62215000.0,2795010488680.0,0.8862200000000001,0.641050531667,44925.0259371,1649500947650.0,26512.914050400002,1.0979883828399999,1.17561593811,55136177.3,7078822.7,24394.512521700002,26784.8913539,1476816518650.0,172684428994.0,0.841565332759,0.730022147534,0.0004197432272330001,0.841145589532,0.7296024043070001,0.72686063743,0.630472625982,0.8545089501459999,0.741193667645,0.606097325382,0.644720100829,0.601767705659,0.645191901123
SSP1,ZAF,2065,61587000.0,3021480334620.0,0.90117,0.635917201111,49060.359079400005,1783154194030.0,28953.4186441,1.0875808362600001,1.1726762858,55500356.79,6086643.21,26835.426633900002,29185.6957398,1619816526730.0,163337667309.0,0.823761098857,0.7163625087459999,0.00030004490105699997,0.8234610539560001,0.7160624638449999,0.711807581505,0.61897121685,0.834719870886,0.725852867595,0.601155609013,0.639088729845,0.596932414534,0.639491892815
SSP1,ZAF,2070,60580000.0,3211429565840.0,0.9143399999999999,0.630362515,53011.382730900004,1895254466350.0,31285.1513098,1.07717328968,1.1697366335,55390717.2,5189282.8,29223.093128099998,31478.3353593,1743607571820.0,151646894532.0,0.8048828185760001,0.7018108166850001,0.000207693151743,0.8046751254250001,0.701603123533,0.695992231499,0.60684157885,0.814127609814,0.709844825511,0.595866351697,0.633097271337,0.591761037393,0.6334403758330001
SSP1,ZAF,2075,59213000.0,3368369504800.0,0.9259,0.624425647778,56885.6417477,1987874003590.0,33571.5806257,1.06676574309,1.16679698119,54825316.7,4387683.3,31617.064252499997,33728.001041799995,1849148338770.0,138725664816.0,0.785137987659,0.6865151616140001,0.000138126092927,0.784999861566,0.686377035521,0.6795612475339999,0.594185116934,0.792910012159,0.6932934007089999,0.590262152113,0.626778350301,0.5862843204129999,0.62706914381
SSP1,ZAF,2080,57540000.0,3495629910780.0,0.93601,0.618151674444,60751.3018905,2062977893570.0,35852.935237599995,1.0563581965100002,1.16385732889,53858015.4,3681984.6,34056.3977454,35975.754902099994,1937582761540.0,125395132030.0,0.764742842922,0.670632873394,8.71973916572e-05,0.7646556455310001,0.670545676002,0.662672071824,0.5811137274220001,0.771255747443,0.676333470579,0.584381816539,0.62017114305,0.580539203228,0.620416599396
SSP1,ZAF,2085,55624000.0,3591950845110.0,0.9448200000000001,0.61154091,64575.5581244,2119822572010.0,38109.8549549,1.0459506499299998,1.16091767658,52554667.68,3069332.32,36524.155351099995,38202.46402769999,2007717801530.0,112104770480.0,0.743759943043,0.6542035904119999,5.12300422569e-05,0.743708713,0.654152360369,0.6453520855680001,0.56763969907,0.7492006437559999,0.658982960581,0.578220651647,0.613270570256,0.5745199448139999,0.613476894552
SSP1,ZAF,2090,53526000.0,3662168491530.0,0.9524799999999999,0.604684138333,68418.49739430001,2161262156860.0,40377.8006364,1.03554310335,1.15797802428,50982444.48,2543555.52,39055.6083578,40443.7658819,2061922048640.0,99340108225.3,0.722528206654,0.6374857522190001,2.703023543e-05,0.722501176418,0.637458721983,0.627870574652,0.553966674591,0.7270603275390001,0.64148123536,0.5718625214540001,0.60616228654,0.5683079365420001,0.606335010484
SSP1,ZAF,2095,51285000.0,3708026957250.0,0.9591299999999999,0.5975319738889999,72302.3682802,2188325948920.0,42669.9024845,1.02513555677,1.1550383719700001,49188982.05,2096017.95,41665.421399,42712.7049638,2100994477770.0,87331471146.7,0.700939984155,0.620388890954,1.18967021841e-05,0.700928087453,0.620376994252,0.610112203977,0.539997728775,0.704703006803,0.6237180975150001,0.565254433507,0.598792086236,0.561850059969,0.598936004166
SSP1,ZAF,2100,48935000.0,3728576611650.0,0.96488,0.590099534444,76194.4745408,2200453515010.0,44966.8645143,1.01472801018,1.15209871967,47216402.8,1718597.2,44336.804714,44989.7976253,2124256406570.0,76197108438.4,0.6790893907800001,0.602981499507,3.58916548395e-06,0.6790858016150001,0.602977910341,0.5921406843020001,0.525777083837,0.6822045242479999,0.60574710512,0.558407478769,0.591171363729,0.5551563372789999,0.591290721782
SSP2,ZAF,2010,50133000.0,522418981248.0,0.6221800000000001,0.6938,10420.6606676,308310329470.0,6149.84799374,2.0696348251299996,1.06903856043,31191749.94,18941250.06,3692.48157968,7642.08846846,238370112527.0,69940216942.7,1.0469957871,0.8833861186799998,0.052239137651500005,0.994756649451,0.831146981029,0.944349933101,0.789030760804,1.00954649302,0.843504308665,0.66883834474,0.684988490245,0.662368621585,0.6808914462469999
SSP2,ZAF,2015,52493000.0,628673073830.0,0.64577,0.693665623333,11976.3220588,371017151901.0,7067.93576097,1.97023569033,1.0820956556,33898404.61,18594595.39,4345.35653022,8561.37652302,290217005396.0,80800146504.7,1.04641419963,0.8829623851899999,0.0440042647971,1.00240993484,0.838958120393,0.941922624516,0.7883338015279999,1.0192503799,0.853052581797,0.668216118152,0.687303112857,0.66212465051,0.684030645434
SSP2,ZAF,2020,54797000.0,780387293449.0,0.67152,0.693286161111,14241.423681,460552683179.0,8404.70615507,1.8708365555200002,1.09515275077,36797281.44,17999718.56,5303.375909,9921.74951823,365093409399.0,95459273779.9,1.04477365605,0.8817668118790001,0.036105795598499996,1.0086678604500001,0.8456610162809999,0.9379202256299999,0.7863466283570001,1.0271659151,0.861169673106,0.667186719041,0.689174756567,0.661428042766,0.686674949965
SSP2,ZAF,2025,56845000.0,949444651118.0,0.69457,0.6917861433329999,16702.3423541,560323425654.0,9857.03976874,1.7714374207199999,1.10820984594,39482831.65,17362168.35,6418.10704787,11369.2749948,448891170601.0,111432255053.0,1.0383142518100001,0.877055032582,0.0290157536572,1.00929849815,0.848039278924,0.9287823455930001,0.7803874791040001,1.0292857401200002,0.864833087995,0.664820468182,0.6896735141850001,0.6593301652019999,0.6878611206659999
SSP2,ZAF,2030,58585000.0,1127112506550.0,0.71522,0.6896256177779999,19238.9264581,665175731965.0,11354.028027,1.6720382859099998,1.12126694111,41901163.7,16683836.3,7668.245687299999,12821.600375,537239976207.0,127935755755.0,1.02908197785,0.870308417446,0.0226907975981,1.00639118025,0.847617619848,0.9166149652519999,0.7720049722329999,1.02777005827,0.865623653741,0.6616346556220001,0.6893170071170001,0.656356413167,0.6881165076870001
SSP2,ZAF,2035,60028000.0,1312341094260.0,0.73375,0.6879977522220001,21862.1492348,774490073433.0,12902.146888700001,1.57263915111,1.13432403629,44045545.0,15982455.0,9084.90586119,14287.2786414,629290974329.0,145199099106.0,1.02218091597,0.865255958776,0.0170946131469,1.00508630283,0.8481613456300001,0.906184130072,0.764700851049,1.02790644004,0.867418555913,0.658871087354,0.689349107615,0.653743300436,0.688695565063
SSP2,ZAF,2040,61254000.0,1507220041770.0,0.7504,0.685784838333,24606.0672246,889499662804.0,14521.495131799998,1.4732400163100001,1.14738113146,45965001.6,15288998.4,10716.027027,15787.279831900001,725662342734.0,163837320069.0,1.01287458218,0.858429710801,0.0122073962576,1.00066718592,0.846222314543,0.893265467495,0.7553971810439999,1.02491594279,0.8667284722859999,0.655406071316,0.688644234963,0.650384873771,0.6884730626790001
SSP2,ZAF,2045,62250000.0,1707339013610.0,0.76541,0.682982555,27427.132748699998,1007601700350.0,16186.372696399998,1.3738408815,1.16043822663,47646772.5,14603227.5,12585.2187169,17290.0879759,823816888291.0,183784812060.0,1.0012118839700002,0.849854130005,0.00803210577321,0.993179778196,0.8418220242319999,0.878007518729,0.744201687281,1.0188734879999999,0.863600086243,0.651252014757,0.687213629947,0.646298379566,0.6874623908230001
SSP2,ZAF,2050,63045000.0,1910610583020.0,0.77898,0.680524205556,30305.505322000005,1127564272140.0,17885.070539099997,1.2744417467,1.1734953218000002,49110794.1,13934205.9,14734.9620929,18778.8508272,922244276407.0,205319995731.0,0.991091312297,0.842393472756,0.00460624810312,0.9864850641940001,0.8377872246529999,0.86389546499,0.7336761703489999,1.01377728669,0.860965553621,0.647349135433,0.686000384444,0.642410688602,0.6866087261630001
SSP2,ZAF,2055,63631000.0,2122212052510.0,0.79127,0.678750968889,33351.8576246,1252442810470.0,19682.903152000003,1.2540084334100001,1.1771032376600001,50349301.37,13281698.63,16388.908644400002,20551.829654400004,1034770264980.0,217672545489.0,0.9838545415979999,0.837047787867,0.00386114668505,0.979993394913,0.833186641182,0.854901639515,0.726834108542,1.00630748775,0.8555587824070001,0.6448306242,0.684210921313,0.639859362381,0.684849466047
SSP2,ZAF,2060,64042000.0,2346408506970.0,0.80245,0.676635865,36638.5888475,1384754394120.0,21622.5975785,1.23357512012,1.1807111535200001,51390502.9,12651497.1,18209.540513900003,22462.8361268,1154376445120.0,230377949004.0,0.975291077419,0.830710282201,0.00319999834654,0.972091079073,0.827510283855,0.8448214967730001,0.7191697276639999,0.9974901639749999,0.849131718728,0.64197854876,0.6820814222179999,0.636978490039,0.6827453478300001
SSP2,ZAF,2065,64183000.0,2575722843230.0,0.81263,0.674311252778,40130.9200759,1520086342430.0,23683.6287246,1.21314180684,1.1843190693799999,52157031.29,12025968.71,20187.1114724,24489.8288865,1277316771520.0,242769570913.0,0.9659642605959999,0.8237931913429999,0.00261614736655,0.9633481132289999,0.821177043977,0.83415293411,0.71104851014,0.9879032266490001,0.842108309815,0.638925592826,0.6797446152609999,0.633899145596,0.680429862523
SSP2,ZAF,2070,64028000.0,2805306773350.0,0.82194,0.6733786372220001,43813.7498181,1655577394010.0,25857.084307,1.19270849355,1.1879269852399998,52627174.32,11400825.68,22321.477857700003,26623.016229499997,1401094116030.0,254483277976.0,0.9622471334880001,0.821032160336,0.00210320289936,0.960143930588,0.818928957437,0.828395696604,0.706557842583,0.984073602456,0.83933912784,0.6372631593770001,0.6788048355609999,0.632184449161,0.6795122488070001
SSP2,ZAF,2075,63591000.0,3034585897350.0,0.83047,0.672402625556,47720.3676204,1790888561480.0,28162.6104556,1.17227518026,1.19153490111,52810417.77,10780582.23,24637.7089795,28882.1747352,1525279713870.0,265608847612.0,0.958372070834,0.818151209108,0.00165584432676,0.9567162265070001,0.816495364781,0.822537262379,0.701982305186,0.980081855585,0.8364364165870001,0.635560627118,0.677821401826,0.6304285014100001,0.6785475375360001
SSP2,ZAF,2080,62884000.0,3259596635310.0,0.8383200000000001,0.671317433889,51835.0714857,1923680701970.0,30590.9404932,1.15184186698,1.19514281697,52716914.88,10167085.12,27136.6589022,31257.139853400004,1647779981040.0,275900720931.0,0.9540814680799999,0.8149582062890001,0.00126927087475,0.9528121972050001,0.813688935414,0.816354619266,0.697155979971,0.975660359313,0.833200961768,0.633751850097,0.676727452877,0.6285665559220001,0.677468786443
SSP2,ZAF,2085,62019000.0,3478353896100.0,0.84555,0.670129843333,56085.2947661,2052782295850.0,33099.2485504,1.13140855369,1.19875073283,52440165.45,9578834.55,29789.2863898,33703.8534297,1767435650160.0,285346645690.0,0.9494075089480001,0.811476179236,0.00093959275238,0.9484679161949999,0.810536586484,0.809878701539,0.692101764332,0.970842686971,0.8296574971840001,0.631843884953,0.675529894895,0.626605868137,0.676283144101
SSP2,ZAF,2090,61000000.0,3690416426110.0,0.8522200000000001,0.668820998333,60498.6299362,2177932933250.0,35703.818577900005,1.1109752404000002,1.20235864869,51985420.0,9014580.0,32618.877793,36238.7655977,1883887449880.0,294045483375.0,0.944282182402,0.8076533969130001,0.000663426723275,0.943618755679,0.80698997019,0.803053854268,0.686777792425,0.965558747042,0.8257532184499999,0.629818117101,0.6742096821699999,0.624528449466,0.67497166784
SSP2,ZAF,2095,59823000.0,3893449212390.0,0.85841,0.667387323333,65082.814509300006,2297754584990.0,38409.2169398,1.09054192712,1.20596656455,51352661.43,8470338.57,35639.259039599994,38866.1062341,1995877994540.0,301876590450.0,0.938698897597,0.803483672173,0.00043787218850500003,0.938261025408,0.803045799985,0.7958737292470001,0.6811783056980001,0.959797107076,0.821478261169,0.627670072832,0.6727619981919999,0.622330020334,0.673529503568
SSP2,ZAF,2100,58484000.0,4083937631330.0,0.8641399999999999,0.665829972222,69829.99848380001,2410173063850.0,41210.810885900006,1.0701086138299998,1.2095744804100002,50538363.76,7945636.24,38856.7281726,41580.9195227,2101431636310.0,308741427536.0,0.9326702285189999,0.798975012412,0.00026074820804,0.932409480311,0.7987142642039999,0.788354861981,0.675315177306,0.953573922559,0.8168440047040001,0.625401956902,0.671188748554,0.62001309445,0.671958792862
SSP3,ZAF,2010,50133000.0,522418981248.0,0.6221800000000001,0.6938,10420.6606676,308310329470.0,6149.84799374,2.0696348251299996,1.06903856043,31191749.94,18941250.06,3692.48157968,7642.08846846,238370112527.0,69940216942.7,1.0469957871,0.8833861186799998,0.052239137651500005,0.994756649451,0.831146981029,0.944349933101,0.789030760804,1.00954649302,0.843504308665,0.66883834474,0.684988490245,0.662368621585,0.6808914462469999
SSP3,ZAF,2015,52248000.0,625730649419.0,0.6271800000000001,0.69579035,11976.164626799999,369280653281.0,7067.84285104,1.98504586697,1.06631615352,32768900.64,19479099.36,4368.79601322,8672.26046971,284180441656.0,85100211625.2,1.05564899621,0.889684019137,0.046568912009800005,1.0090800842,0.843115107127,0.960083482885,0.8021770533370001,1.02375252653,0.855374349954,0.6728341547650001,0.6883694499549999,0.666936765365,0.6847892812019999
SSP3,ZAF,2020,54009000.0,766577485536.0,0.63634,0.697682786111,14193.5137761,452402699009.0,8376.43168747,1.90045690882,1.0635937466,34368087.06,19640912.94,5325.14240153,10120.2036674,347812040707.0,104590658302.0,1.0639446897799998,0.895710040997,0.0406664451563,1.0232782446200002,0.855043595841,0.975580593784,0.815187797968,1.0376214188600001,0.867028644227,0.6767076726360001,0.691624687101,0.671395586022,0.6885698660490001
SSP3,ZAF,2025,55564000.0,905135524804.0,0.64461,0.6990736488889999,16289.963372,534173990387.0,9613.67054905,1.81586795066,1.06087133969,35817110.04,19746889.96,6300.25933205,11440.4390019,409763462638.0,124410527749.0,1.07008453952,0.900162729236,0.0350270350704,1.0350575044499999,0.865135694165,0.988882388396,0.826540987197,1.04907698417,0.8768536443970001,0.679984317986,0.694280238521,0.6752367176790001,0.691721868261
SSP3,ZAF,2030,57007000.0,1027541040540.0,0.6521,0.7007424422220001,18024.8222242,606412722591.0,10637.5133333,1.7312789925099998,1.05814893278,37174264.7,19832735.3,7202.75631449,12469.9806954,463562363176.0,142850359416.0,1.07749972877,0.905532046964,0.029644479774700003,1.04785524899,0.8758875671899999,1.0032593593299999,0.8386104858939999,1.06159782037,0.8873747906649999,0.683476878488,0.697148958072,0.679270360586,0.695062048318
SSP3,ZAF,2035,58268000.0,1135458912370.0,0.65887,0.702948245389,19486.8351817,670101439529.0,11500.333622700002,1.64669003435,1.0554265258700002,38391037.16,19876962.84,8064.27130283,13279.355188700001,509808218509.0,160293221018.0,1.08738311277,0.912674600193,0.0245257306303,1.06285738214,0.888148869562,1.0198521634200002,0.8522126874979999,1.0763790257299999,0.899447876064,0.687445921036,0.700490992823,0.6837557601350001,0.6988507803149999
SSP3,ZAF,2040,59423000.0,1235969005160.0,0.66501,0.7053374595919999,20799.505329,729418388066.0,12275.0178898,1.5621010762,1.05270411895,39516889.23,19906110.77,8935.065179700001,13957.4749331,551555990861.0,177862397204.0,1.09819512479,0.920470079412,0.0196880649279,1.07850705986,0.9007820144840001,1.03717294555,0.8662592671179999,1.09183623184,0.911914698576,0.691520117318,0.703935282873,0.688321687126,0.702714330431
SSP3,ZAF,2045,60506000.0,1328700489820.0,0.6705800000000001,0.7077761116339999,21959.8137345,784144720020.0,12959.7844845,1.47751211804,1.04998171204,40574113.48,19931886.52,9816.45627386,14503.933100799999,588484227540.0,195660492479.0,1.10934723869,0.928491015575,0.0151659046858,1.0941813340100002,0.913325110889,1.05462221174,0.880304679446,1.10733403544,0.9243038144410001,0.695555053505,0.7073377949070001,0.69282146168,0.706505527833
SSP3,ZAF,2050,61625000.0,1417169090350.0,0.67565,0.710245069084,22996.658666900003,836355272000.0,13571.6879838,1.3929231598899998,1.0472593051299999,41636931.25,19988068.75,10724.550144600002,14938.4742757,621992226399.0,214363045603.0,1.12075969431,0.936678580637,0.0110131563319,1.10974653798,0.925665424305,1.07206718029,0.894236194814,1.12273233028,0.9364971760009999,0.699521014826,0.710669127598,0.697221011574,0.7101905878229999
SSP3,ZAF,2055,62671000.0,1506688556740.0,0.6802600000000001,0.7127549758059999,24041.2400749,889186002059.0,14188.157234799999,1.3771934399799999,1.06407342774,42632574.46,20038425.54,11291.0031467,15549.895464500001,662932076235.0,226253925827.0,1.13248913436,0.9450719913950001,0.0102099653631,1.122279169,0.9348620260320001,1.0711122395000001,0.892239815184,1.13974207218,0.9494086785089999,0.699305647648,0.714293164445,0.6965944088349999,0.714043483229
SSP3,ZAF,2060,63633000.0,1601420537870.0,0.6844600000000001,0.715286521573,25166.510110599997,945092945266.0,14852.2456157,1.36146372008,1.08088755035,43554243.18,20078756.82,11906.4909563,16210.255470500002,706025408773.0,239067536491.0,1.14445238381,0.9536103669920001,0.00944062334686,1.13501176046,0.9441697436450001,1.0703351459000001,0.8903679199869999,1.15691193391,0.962387599947,0.699130243439,0.717893099991,0.69600571303,0.7178663082819999
SSP3,ZAF,2065,64590000.0,1699673744930.0,0.68829,0.718121848557,26314.812586,1003077972090.0,15529.9268012,1.34573400018,1.09770167296,44456651.1,20133348.9,12544.7194407,16881.8554742,750510758736.0,252567213353.0,1.15801231061,0.963261256355,0.0087034071905,1.1493089034200001,0.954557849164,1.07101637137,0.889532031667,1.17565646263,0.976440799316,0.6992840155869999,0.721757969373,0.6957424680509999,0.7219497520929999
SSP3,ZAF,2070,65532000.0,1801883929610.0,0.69179,0.7207633433570001,27496.2450347,1063398245370.0,16227.159942700002,1.33000428028,1.11451579558,45334382.28,20197617.72,13211.1403463,17570.873208,796564683005.0,266833562360.0,1.17080129739,0.9723373218960001,0.00799679214932,1.1628045052399998,0.964340529747,1.0709384605399999,0.8881539052449999,1.19357783037,0.9898615562980001,0.699266434006,0.725390948289,0.695307964073,0.725796162792
SSP3,ZAF,2075,66444000.0,1905756793170.0,0.69499,0.7232393116470001,28682.150279400004,1124699763760.0,16927.032745700002,1.31427456038,1.1313299181899998,46177915.56,20266084.44,13892.635562600002,18258.7374966,843150438350.0,281549325406.0,1.18292814654,0.9809202491700001,0.0073196358861400005,1.17560851065,0.973600613284,1.0702394528799999,0.886337397396,1.21079391267,1.00274001528,0.699108634661,0.728825053496,0.6947343055799999,0.729439020864
SSP3,ZAF,2080,67359000.0,2009182901180.0,0.69791,0.7255272397570001,29827.979946,1185737625280.0,17603.254580400004,1.29854484048,1.1481440407999999,47010519.69,20348480.31,14567.9201773,18917.097582799997,889302588395.0,296435036886.0,1.19425594232,0.988917366247,0.0066711329136799995,1.1875848094099999,0.982246233333,1.06882936753,0.8840241236,1.2271700689700002,1.0149870294399999,0.6987899863,0.732041900995,0.694002217302,0.7328602115489999
SSP3,ZAF,2085,68335000.0,2112560592340.0,0.7005899999999999,0.7275676586040001,30914.7668448,1246746913160.0,18244.631787000002,1.28281512058,1.1649581634100001,47874817.65,20460182.35,15227.4948572,19534.060651400003,935189591652.0,311557321513.0,1.20445872074,0.996103613114,0.0060503608573,1.19840835988,0.990053252256,1.06645033386,0.8810374299410001,1.24237002231,1.02637174628,0.698251390007,0.7349852188439999,0.693054433998,0.7360034194830001
SSP3,ZAF,2090,69283000.0,2215508033700.0,0.70304,0.7294004611980001,31977.6573431,1307502285200.0,18871.9063147,1.2670854006799999,1.18177228603,48708720.32,20574279.68,15888.496076700001,20132.0814175,980607923226.0,326894361976.0,1.2137052873899998,1.0026028278599999,0.00545702752145,1.20824825987,0.997145800342,1.0632931214799999,0.877516902638,1.25657034289,1.0370251560600001,0.6975346997409999,0.737698722363,0.691933503519,0.7389127779670001
SSP3,ZAF,2095,70227000.0,2318288216830.0,0.70529,0.731061596621,33011.351999,1368158948270.0,19481.9506496,1.25135568078,1.19858640864,49530400.83,20696599.17,16548.2918433,20707.7990053,1025665585040.0,342493363229.0,1.22215368934,1.00852984789,0.00489074180596,1.2172629475399999,1.00363910609,1.05952696855,0.873585039075,1.26993462409,1.0470671546299999,0.69667690276,0.7402210552680001,0.690676794028,0.74162724118
SSP3,ZAF,2100,71179000.0,2423291173830.0,0.70736,0.732580853865,34045.0297676,1430127401610.0,20091.9850182,1.23562596088,1.21540053125,50349177.44,20829822.56,17221.617112,21279.477192,1071404172970.0,358723228640.0,1.2299377418700002,1.0139813902700001,0.0043514363854399996,1.22558630549,1.00962995388,1.05529271044,0.869343208063,1.28260332089,1.05660019692,0.6957087307050001,0.742584447575,0.689315290052,0.7441793452590001
SSP4,ZAF,2010,50133000.0,522418981248.0,0.6221800000000001,0.6938,10420.6606676,308310329470.0,6149.84799374,2.0696348251299996,1.06903856043,31191749.94,18941250.06,3692.48157968,7642.08846846,238370112527.0,69940216942.7,1.0469957871,0.8833861186799998,0.052239137651500005,0.994756649451,0.831146981029,0.944349933101,0.789030760804,1.00954649302,0.843504308665,0.66883834474,0.684988490245,0.662368621585,0.6808914462469999
SSP4,ZAF,2015,52244000.0,625682232562.0,0.65351,0.696951542778,11976.1548228,369252079632.0,7067.83706515,1.96467837129,1.0820956556,34141976.44,18102023.56,4334.96085875,8516.80383958,290780516035.0,78471563596.7,1.06073127556,0.8933771570899999,0.042969262064100004,1.0177620134899998,0.850407895026,0.955960050194,0.7987682417290001,1.03444021724,0.8643436442069999,0.671793156531,0.690881934894,0.6657583721589999,0.687702904476
SSP4,ZAF,2020,54132000.0,770219753599.0,0.68829,0.70058681,14228.5478755,454552216746.0,8397.10738096,1.8597219174500002,1.09515275077,37258514.28,16873485.72,5275.43313569,9810.8386265,365537271064.0,89014945681.8,1.0768059374299999,0.905030056759,0.034102276563300005,1.0427036608700002,0.870927780196,0.9685882644580001,0.809022216709,1.06075210219,0.886002906065,0.6749674858210001,0.6969562894269999,0.669290262624,0.6946285556340001
SSP4,ZAF,2025,55521000.0,923563640590.0,0.72106,0.703919948333,16634.492184799998,545049511097.0,9816.99737211,1.75476546362,1.10820984594,40033972.26,15487027.74,6357.2070466000005,11155.4073704,446595269217.0,98454241879.7,1.0917669029500001,0.91583760237,0.026232417987599996,1.0655344849700001,0.889605184383,0.9787546571410001,0.8171534844859999,1.08466554781,0.905577537155,0.6774935452420001,0.70234381928,0.6720639251459999,0.700756541626
SSP4,ZAF,2030,56455000.0,1083679285180.0,0.75162,0.7066125077840001,19195.4527532,639543219996.0,11328.3716234,1.6498090097799998,1.12126694111,42432707.1,14022292.9,7611.05866343,12556.7931569,532818726141.0,106724493858.0,1.10401121651,0.924655681646,0.0194033425113,1.0846078739899998,0.9052523391349999,0.9850844170790001,0.8221865193760001,1.10454259108,0.921890563606,0.67905323906,0.706728647608,0.673768883397,0.705770785008
SSP4,ZAF,2035,56949000.0,1244500275340.0,0.77986,0.7096963632359999,21852.8907504,734453195020.0,12896.6829096,1.54485255594,1.13432403629,44412247.14,12536752.86,9050.88359723,13982.280658700001,620984504196.0,113468690823.0,1.11821267594,0.934853089269,0.0136268350374,1.10458584091,0.9212262542309999,0.991930539573,0.8272715633200001,1.12517065336,0.93839401881,0.680729008909,0.7111922034899999,0.675482329074,0.710759773103
SSP4,ZAF,2040,57070000.0,1404756768970.0,0.80572,0.7142996470020001,24614.627106599997,829030027264.0,14526.5468243,1.4398961021,1.14738113146,45982440.4,11087559.6,10725.186027700001,15443.1535556,710113887960.0,118916139303.0,1.13977274387,0.9502731038660001,0.00889388837436,1.13087885549,0.941379215492,1.0041182014499999,0.83585965035,1.1521062781,0.959049591359,0.683683928679,0.716891334422,0.678355501745,0.71688788895
SSP4,ZAF,2045,56823000.0,1559092101140.0,0.82921,0.718241835643,27437.694263499998,920112432032.0,16192.6056708,1.33493964827,1.16043822663,47118199.83,9704800.17,12672.8952374,16917.550310799998,797124516177.0,122987915855.0,1.15858995036,0.963671739975,0.00518256520892,1.15340738515,0.958489174766,1.01265532181,0.841523278089,1.1751239458299998,0.976535780493,0.685732454563,0.721649096518,0.680236223391,0.7219771556300001
SSP4,ZAF,2050,56248000.0,1704506627510.0,0.8503799999999999,0.721633767413,30303.417499400002,1005930141850.0,17883.838391499998,1.22998319443,1.1734953218000002,47832174.24,8415825.76,14958.3812639,18398.5575705,880043011476.0,125887130369.0,1.17504898948,0.975346242446,0.00246976786693,1.17257922161,0.9728764745790001,1.01805545649,0.844669754657,1.19468331552,0.991216005555,0.687019295215,0.7256130924680001,0.68127628441,0.72618149311
SSP4,ZAF,2055,55434000.0,1847112976200.0,0.86934,0.7244253818170001,33320.9397879,1090090579980.0,19664.656708500002,1.2084576759999999,1.1686080295999999,48190993.56,7243006.44,16647.7428299,20118.092610900003,969510871451.0,120579708528.0,1.18878576781,0.9850580063,0.00185232018204,1.18693344763,0.983205686118,1.0321541372,0.854993023136,1.20618361252,0.999151712086,0.690346740715,0.727910733093,0.684664808372,0.7284287113160001
SSP4,ZAF,2060,54441000.0,1990206794610.0,0.8862200000000001,0.726714091392,36557.1314746,1174538702810.0,21574.5247665,1.1869321575799998,1.1637207373899998,48246703.02,6194296.98,18508.372023099997,21968.1819387,1059892349890.0,114646352928.0,1.20017898143,0.993091125229,0.0013543582967400001,1.19882462314,0.9917367669320001,1.0445088739700001,0.8640778923929999,1.21551663704,1.0055453621,0.693224859189,0.7297576883069999,0.68761696477,0.730226374392
SSP4,ZAF,2065,53139000.0,2124331390360.0,0.90117,0.728581849545,39976.879323400004,1253693557040.0,23592.7201686,1.16540663915,1.15883344519,47887272.63,5251727.37,20532.2005935,23928.3628882,1145864037220.0,107829519823.0,1.20956570251,0.9996947873459999,0.000960814044421,1.20860488847,0.998733973301,1.05539133794,0.872125534474,1.22302278016,1.0106482377500001,0.6957313275,0.7312317550540001,0.690209007485,0.731652935734
SSP4,ZAF,2070,51562000.0,2244398592010.0,0.9143399999999999,0.7300937078380001,43528.1523604,1324552311850.0,25688.536361000002,1.14388112073,1.15394615299,47145199.08,4416800.92,22701.9523287,25968.334672599998,1224282307910.0,100270003931.0,1.21722318539,1.00507212121,0.000656798920423,1.21656638647,1.00441532229,1.06502199254,0.879298014299,1.2289780311399998,1.01466256093,0.697927426869,0.732394121232,0.6925011139939999,0.732770107546
SSP4,ZAF,2075,49740000.0,2352908469950.0,0.9259,0.7312888481059999,47304.15098409999,1388590406590.0,27916.9764092,1.12235560231,1.1490588607799999,46054266.0,3685734.0,25076.1258764,28144.3303615,1296166476860.0,92423929731.0,1.22331453903,1.0093434169700002,0.000428002433205,1.2228865366,1.0089154145399999,1.0735196222799999,0.885683554698,1.2335372342,1.0177025363799999,0.6998482023520001,0.733279768462,0.6945275583339999,0.733613163403
SSP4,ZAF,2080,47738000.0,2449355948340.0,0.93601,0.732193566239,51308.3067648,1445509766160.0,30280.065485799998,1.10083008388,1.14417156858,44683245.38,3054754.62,27668.745537700004,30458.587471099996,1360988537900.0,84521228260.8,1.22794820994,1.01258888143,0.00026133859901299997,1.22768687134,1.0123275428299998,1.0809561246500001,0.891336124154,1.23679926471,1.01984145131,0.7015162371600001,0.7339111936,0.6963103463070001,0.7342048116009999
SSP4,ZAF,2085,45619000.0,2531754835680.0,0.9448200000000001,0.7328252224740001,55497.81528919999,1494138221510.0,32752.5421756,1.07930456546,1.13928427638,43101743.58,2517256.42,30469.5065495,32885.8775261,1417438660530.0,76699560975.9,1.2311949347700002,1.01486101981,0.00014510302928299998,1.23104983174,1.01471591678,1.08737083963,0.8962858122920001,1.23882450018,1.02112433309,0.702945519207,0.734302278382,0.697862993434,0.734559069427
SSP4,ZAF,2090,43405000.0,2601202213930.0,0.9524799999999999,0.733198570737,59928.630662999996,1535123225570.0,35367.4283049,1.05777904703,1.1343969841700001,41342394.4,2062605.6,33522.5678639,35459.4698891,1465979389370.0,69143836202.4,1.2331184533700001,1.0162064100200001,6.90267006448e-05,1.23304942667,1.01613738332,1.09279606827,0.900556711923,1.2396645641700001,1.02158881808,0.7041474800990001,0.7344642897210001,0.6991964106540001,0.734687222237
SSP4,ZAF,2095,41115000.0,2657265632520.0,0.9591299999999999,0.733334489685,64630.0774054,1568209563700.0,38142.0300061,1.03625352861,1.12950969197,39434629.95,1680370.05,36860.3283135,38196.6452805,1506270571970.0,61938991731.2,1.2338195509,1.01669665131,2.43206480084e-05,1.2337952302500002,1.01667233066,1.09729746543,0.904195399894,1.2394081221700002,1.0212974676200002,0.7051400364399999,0.734414846394,0.700327864515,0.734606844667
SSP4,ZAF,2100,38772000.0,2698605925230.0,0.96488,0.733244621315,69601.9272988,1592606914720.0,41076.212594699995,1.01472801018,1.1246223997700002,37410327.36,1361672.64,40500.6672329,41097.1614724,1537458264250.0,55148650472.8,1.23335594176,1.0163724815100001,3.5891654843900003e-06,1.23335235259,1.01636889235,1.1009057049200002,0.907223559867,1.23810321578,1.02028393702,0.7059325741570001,0.734163076234,0.701266276469,0.734327051524
SSP5,ZAF,2010,50133000.0,522418981248.0,0.6221800000000001,0.6938,10420.6606676,308310329470.0,6149.84799374,2.0696348251299996,1.06903856043,31191749.94,18941250.06,3692.48157968,7642.08846846,238370112527.0,69940216942.7,1.0469957871,0.8833861186799998,0.052239137651500005,0.994756649451,0.831146981029,0.944349933101,0.789030760804,1.00954649302,0.843504308665,0.66883834474,0.684988490245,0.662368621585,0.6808914462469999
SSP5,ZAF,2015,52526000.0,629060408681.0,0.65351,0.6923583427779999,11976.1719659,371245741098.0,7067.84718231,1.9451945965900002,1.0883337969,34326266.26,18199733.74,4369.08751249,8498.72542135,291729511684.0,79516229414.1,1.0407734452700002,0.8788497035070001,0.041847982849,0.9989254624189999,0.8370017206579999,0.934086943639,0.7826733910420001,1.01659839,0.851809903404,0.666196817686,0.6866727583140001,0.660136484906,0.683623849639
SSP5,ZAF,2020,55115000.0,788369472461.0,0.68829,0.690214741111,14304.0818736,465263438970.0,8441.68445922,1.82075436806,1.10762903336,37935103.35,17179896.65,5394.33358434,9821.75643645,372589345495.0,92674093474.6,1.03159109119,0.8721434102299999,0.032055542395799996,0.999535548792,0.840087867834,0.9202209618200001,0.773425684245,1.01926345442,0.85666874302,0.662583038402,0.687306216453,0.656862304615,0.68521143051
SSP5,ZAF,2025,57612000.0,999355827797.0,0.72106,0.685834665556,17346.3137506,589778962070.0,10237.0853654,1.6963141395200003,1.12692426983,41541708.72,16070291.28,6815.25367543,11560.8111741,480255850360.0,109523111711.0,1.01308318606,0.858582884861,0.023468443673099998,0.989614742382,0.835114441188,0.896914841194,0.7568870029100001,1.0107551025100001,0.852954333099,0.656389695225,0.6852779922259999,0.650924942907,0.683998502428
SSP5,ZAF,2030,59719000.0,1272573249010.0,0.75162,0.678865468333,21309.3529531,751020716626.0,12575.9091181,1.5718739109900002,1.1462195063,44885994.78,14833005.22,8795.37614944,13825.2223066,620558856287.0,130461860337.0,0.984320237055,0.8373920642649999,0.016146824841899998,0.968173412213,0.8212452394230001,0.863808642513,0.732718670528,0.990114315759,0.839856432789,0.647324939662,0.680285563671,0.6420548003459999,0.679683867614
SSP5,ZAF,2035,61567000.0,1611294275430.0,0.77986,0.671289016667,26171.3949913,950920021598.0,15445.287598800001,1.44743368245,1.1655147427700001,48013640.62,13553359.38,11449.981183,16573.0884276,795734311728.0,155185709867.0,0.9539693655239999,0.814874737272,0.0101279064136,0.943841459111,0.804746830858,0.8290193675499999,0.7068461576,0.9662342949189999,0.823839617551,0.637443757568,0.6743788661139999,0.632294795695,0.674326911422
SSP5,ZAF,2040,63139000.0,1995259753810.0,0.80572,0.662325634025,31601.066754400003,1177520752800.0,18649.657941999998,1.3229934539100001,1.18480997923,50872355.08,12266644.92,14798.470225799998,19578.2792366,995993173181.0,181527579619.0,0.9192409004709999,0.788907919402,0.00544379962984,0.9137971008419999,0.783464119772,0.790263491925,0.677549852718,0.936312071458,0.8027678269290001,0.6259795367750001,0.666771909319,0.620897986929,0.66714055752
SSP5,ZAF,2045,64385000.0,2408939977430.0,0.82921,0.6549056136420001,37414.6148549,1421657912090.0,22080.5764089,1.19855322538,1.2041052156999998,53388685.85,10996314.15,18959.105323099997,22723.496835299997,1213177633950.0,208480278135.0,0.8914141051350001,0.767942636111,0.00214136961881,0.889272735516,0.7658012664920001,0.7573602511640001,0.65220422978,0.911941428592,0.785322514781,0.615844110147,0.6604001751640001,0.610727856437,0.6610684604029999
SSP5,ZAF,2050,65275000.0,2836135106300.0,0.8503799999999999,0.6465983488889999,43449.02499119999,1673771016040.0,25641.838621900002,1.07411299684,1.2234004521700002,55508554.5,9766445.5,24121.5941975,25909.317832099998,1438188780940.0,235582235103.0,0.861205176728,0.7450188725589999,0.000314421839158,0.860890754889,0.74470445072,0.722249856075,0.624774606182,0.883600800502,0.764349535707,0.604593094226,0.652782657733,0.599380413211,0.653617095337
SSP5,ZAF,2055,65757000.0,3274378081500.0,0.86934,0.641027618889,49795.1257128,1932404107340.0,29387.047878400004,1.0681744981799999,1.22629524463,57165190.38,8591809.62,27742.819252200003,29634.172032700004,1694043086000.0,238361021337.0,0.841485084407,0.729960718388,0.00023909205388599999,0.841245992353,0.729721626334,0.701984926565,0.608922463741,0.860840777248,0.7467187216329999,0.597882467107,0.6464964870100001,0.592653533596,0.647221468303
SSP5,ZAF,2060,65801000.0,3724293920630.0,0.8862200000000001,0.6345712722219999,56599.351387099996,2197926045810.0,33402.623756700006,1.0622359995100001,1.22919003709,58314162.22,7486837.78,31656.6101513,33626.7909252,1960918140950.0,237007904867.0,0.81915025736,0.7128148952429999,0.000178136559376,0.8189721208,0.712636758683,0.679940646645,0.591657134859,0.8357762686669999,0.7272590555410001,0.590392837019,0.639392439104,0.585180342926,0.64001837967
SSP5,ZAF,2065,65386000.0,4164538492680.0,0.90117,0.627150716111,63691.5928897,2457740397760.0,37588.174804400005,1.05629750085,1.23208482955,58923901.62,6462098.38,35773.2674872,37787.2130438,2226570023880.0,231170373876.0,0.794146395995,0.693503386037,0.000129715590066,0.794016680405,0.6933736704469999,0.656073666775,0.57291517627,0.8083384118989999,0.7058800973,0.582050481694,0.631388043875,0.576888593315,0.631924916723
SSP5,ZAF,2070,64510000.0,4575225674270.0,0.9143399999999999,0.618776196667,70922.73561110001,2700111185980.0,41855.6996741,1.05035900218,1.23497962201,58984073.4,5525926.6,40013.27827069999,42028.3070383,2479000747230.0,221110438749.0,0.766751752184,0.6722010447589999,9.1997585031e-05,0.766659754599,0.672109047174,0.630613014485,0.5528406959650001,0.7787942222609999,0.682746993732,0.5728694546850001,0.622489836686,0.567791613986,0.622947310863
SSP5,ZAF,2075,63198000.0,4955414637850.0,0.9259,0.609528644828,78410.94081849999,2924483172500.0,46274.932315900005,1.04442050351,1.23787441447,58515028.2,4682971.8,44446.8791052,46421.2318546,2716339691050.0,208143481448.0,0.7374736708290001,0.649263684323,6.3218709632e-05,0.7374104521189999,0.649200465613,0.6039673456319999,0.531719995116,0.74763572433,0.658202577614,0.562931704843,0.612774191669,0.557968613928,0.613161511276
SSP5,ZAF,2080,61511000.0,5305753509050.0,0.93601,0.600146484484,86256.9867024,3131238854600.0,50905.3478987,1.03848200485,1.24076920692,57574911.11,3936088.89,49135.5093862,51026.34229659999,2937837122000.0,193401732600.0,0.708766779253,0.6265989112179999,4.17723312903e-05,0.708725006922,0.626557138886,0.578127205462,0.511100531559,0.7173224342229999,0.634157801201,0.552952665739,0.602976393828,0.5481172110760001,0.603303185804
SSP5,ZAF,2085,59523000.0,5623481426680.0,0.9448200000000001,0.590892083957,94475.7728388,3318748884830.0,55755.7395431,1.03254350618,1.2436639993799998,56238520.86,3284479.14,54092.5160836,55852.8762152,3141083144120.0,177665740707.0,0.681391679029,0.604820556449,2.62321177682e-05,0.6813654469120001,0.604794324331,0.5536766926410001,0.491455096148,0.6885877699349999,0.611205010392,0.5431807210490001,0.593354851752,0.5384784535989999,0.593629972272
SSP5,ZAF,2090,57305000.0,5913003224290.0,0.9524799999999999,0.5816860868639999,103184.76964099999,3489612815910.0,60895.433486,1.02660500752,1.24655879184,54581866.4,2723133.6,59390.436033000005,60970.519029999996,3327884724040.0,161728091880.0,0.655047255037,0.583706536567,1.53575209291e-05,0.655031897516,0.583691179046,0.5303335666669999,0.472573970809,0.661091970138,0.589091238107,0.5335333450990001,0.583825298715,0.528970248252,0.584056337533
SSP5,ZAF,2095,54907000.0,6174140639820.0,0.9591299999999999,0.572330729312,112447.24060399999,3643725444870.0,66361.7652553,1.02066650885,1.2494535843,52662950.91,2244049.09,65071.91824019999,66416.7276144,3497700865960.0,146024578912.0,0.629144554282,0.562794396728,8.0993395352e-06,0.629136454943,0.562786297388,0.507590558052,0.454058906476,0.634210842116,0.56732552818,0.523816250629,0.574185056821,0.519401534228,0.574378395114
SSP5,ZAF,2100,52371000.0,6401363147810.0,0.96488,0.563248140596,122231.06581500001,3777822881630.0,72135.7789928,1.01472801018,1.2523483767599999,50531730.48,1839269.52,71125.03797280001,72172.56825639999,3647004767180.0,130818114452.0,0.604801550073,0.5430009514490001,3.58916548395e-06,0.604797960908,0.542997362284,0.48632442822099997,0.43662991413099994,0.609047608262,0.546812764208,0.514428509739,0.56485337205,0.510160911413,0.565014960629
