scenario,year,iso,name,gini_r,gini_u,i_r,i_u,n_orig,n_orig.1,n_r,n_u
SSP1,2010,ZAF,Eastern Cape,0.5916738971859999,0.7055499399099999,2365.15735586,5519.52277326,2666471.33682,2666471.33682,2666471.33682,2666471.33682
SSP1,2010,ZAF,Free State,0.7071532414820001,0.689595934347,5937.68743354,5164.84660664,2561743.32359,2561743.32359,2561743.32359,2561743.32359
SSP1,2010,ZAF,Gauteng,0.728510058443,0.670919889801,18131.2357363,9671.67037465,9592585.21169,9592585.21169,9592585.21169,9592585.21169
SSP1,2010,ZAF,KwaZulu-Natal,0.650143761066,0.6780478079410001,3041.30455735,6496.30376369,5622651.71023,5622651.71023,5622651.71023,5622651.71023
SSP1,2010,ZAF,Limpopo,0.6135485853729999,0.648952304195,2792.31802799,7737.51791152,1954945.24694,1954945.24694,1954945.24694,1954945.24694
SSP1,2010,ZAF,Mpumalanga,0.6349624587380001,0.684548309168,3536.95299725,7577.54315138,2280259.28803,2280259.28803,2280259.28803,2280259.28803
SSP1,2010,ZAF,North West,0.7543054855589999,0.6946874951500001,6792.26151784,6119.43902289,2021985.25541,2021985.25541,2021985.25541,2021985.25541
SSP1,2010,ZAF,Northern Cape,0.49308619505,0.6669965833470001,6083.05380878,5589.80226773,508157.064188,508157.064188,508157.064188,508157.064188
SSP1,2010,ZAF,Western Cape,0.555503229066,0.65899914494,7185.53078369,8410.74169379,3982951.50311,3982951.50311,3982951.50311,3982951.50311
SSP1,2020,ZAF,Eastern Cape,0.6197405653670001,0.6995134909790001,3968.5622892,7875.76019348,4649453.0,3219154.0,4542971.797780002,3208907.37287
SSP1,2020,ZAF,Free State,0.693038266128,0.687885529839,7707.65589583,7532.38051257,792093.0,3204515.0,773952.583286,3194314.96908
SSP1,2020,ZAF,Gauteng,0.703521616842,0.687211715207,19891.620477,11818.6034771,216346.0,10904300.0,211391.270449,10869591.41
SSP1,2020,ZAF,KwaZulu-Natal,0.6601552717620001,0.681952466737,4597.82082341,8625.68063875,4948712.0,6818584.0,4835377.20487,6796880.32015
SSP1,2020,ZAF,Limpopo,0.634912261444,0.656504284097,4472.3388532,10052.0449171,3071360.0,3117431.0,3001020.09007,3107508.15907
SSP1,2020,ZAF,Mpumalanga,0.643076615945,0.684570496058,5319.71453206,9901.28562342,1183985.0,3068135.0,1156869.52078,3058369.06916
SSP1,2020,ZAF,North West,0.71807224824,0.690754990797,8516.15596347,8464.13066888,1285474.0,2332945.0,1256034.23215,2325519.19262
SSP1,2020,ZAF,Northern Cape,0.5093905573449999,0.667358367672,7878.10998938,7978.7534956,611848.0,623788.0,597835.5321640001,621802.471179
SSP1,2020,ZAF,Western Cape,0.5671163112709999,0.6669780522290001,8962.62715215,10618.8661854,693779.0,4487047.0,677890.158453,4472764.64584
SSP1,2030,ZAF,Eastern Cape,0.634556192598,0.695344111527,6797.56199204,11963.526078,4327304.0,3881301.0,4203829.21576,3870230.54782
SSP1,2030,ZAF,Free State,0.679002281569,0.686631323926,10628.4652842,11594.399141700002,742424.0,3606910.0,721239.7607560002,3596622.18036
SSP1,2030,ZAF,Gauteng,0.684795135575,0.688046084945,22591.1496042,13791.298357499998,190146.0,12189795.0,184720.396362,12155026.6214
SSP1,2030,ZAF,KwaZulu-Natal,0.652830804961,0.674401081405,7656.03929981,12774.3848093,4264859.0,8190234.0,4143166.01405,8166873.381019998
SSP1,2030,ZAF,Limpopo,0.641099912319,0.661919502994,7557.97922914,14164.4255342,2248644.0,4121812.0,2184481.45613,4110055.54962
SSP1,2030,ZAF,Mpumalanga,0.6456041780080001,0.68355840492,8355.12365381,13947.1769847,932181.0,3536470.0,905582.256798,3526383.09305
SSP1,2030,ZAF,North West,0.691367545695,0.6876497899230001,11581.6578607,12415.6310131,1077967.0,2745465.0,1047208.41619,2737634.23939
SSP1,2030,ZAF,Northern Cape,0.523838682589,0.665691886207,10794.605774299998,11627.6010924,546200.0,755107.0,530614.7933319999,752953.243841
SSP1,2030,ZAF,Western Cape,0.575651736274,0.671015769951,11833.9213093,14815.0985495,619105.0,5044327.0,601439.530622,5029939.3035
SSP1,2040,ZAF,Eastern Cape,0.6205661348629999,0.687856955768,11198.8499998,16046.0670793,3600162.0,4749555.0,3474931.27566,4735446.26071
SSP1,2040,ZAF,Free State,0.67111402933,0.682571886381,15586.830432,15816.1426485,657688.0,3967450.0,634810.489313,3955664.53426
SSP1,2040,ZAF,Gauteng,0.6784534076559999,0.660333026221,27558.2630751,19196.5492811,165092.0,13296140.0,159349.316548,13256643.295
SSP1,2040,ZAF,KwaZulu-Natal,0.634444391001,0.671400580695,12026.7925248,16511.911246,3495333.0,9373637.0,3373748.72591,9345792.24388
SSP1,2040,ZAF,Limpopo,0.636246610076,0.661536915084,12357.490893,18220.1701065,1650474.0,4732717.0,1593062.67948,4718658.27864
SSP1,2040,ZAF,Mpumalanga,0.64468208518,0.6797186178319999,13340.3046965,17810.147782,785150.0,3795513.0,757838.755891,3784238.27986
SSP1,2040,ZAF,North West,0.6782244595550001,0.687496114023,16453.2496453,16686.5838713,899776.0,3044259.0,868477.5194809998,3035215.90932
SSP1,2040,ZAF,Northern Cape,0.538352291906,0.664896715946,15800.3440169,15406.8914825,490554.0,847808.0,473490.203219,845289.553105
SSP1,2040,ZAF,Western Cape,0.585843166379,0.6666246398800001,16805.2116813,18661.1858377,540989.0,5516559.0,522170.834504,5500171.84526
SSP1,2050,ZAF,Eastern Cape,0.592903738906,0.672534410423,17423.9916945,20530.9972243,2796239.0,5516101.0,2683024.3058,5496376.52314
SSP1,2050,ZAF,Free State,0.660573703269,0.6709477333,22600.0723825,20355.5468851,568242.0,4238998.0,545234.902158,4223840.18872
SSP1,2050,ZAF,Gauteng,0.6723548756290001,0.63672175268,34644.7225145,23291.0323905,146006.0,14132274.0,140094.479332,14081739.8072
SSP1,2050,ZAF,KwaZulu-Natal,0.603862311902,0.651365567989,18229.9130221,20796.9889903,2684499.0,10329660.0,2575808.45768,10292723.1963
SSP1,2050,ZAF,Limpopo,0.62482479026,0.653661730002,19157.6005216,22698.450385,1224863.0,5031248.0,1175270.4973600002,5013257.26076
SSP1,2050,ZAF,Mpumalanga,0.638994622835,0.669473054892,20365.6771981,22339.687184,675382.0,3919557.0,648036.996014,3905541.44602
SSP1,2050,ZAF,North West,0.662935837982,0.6763930152140001,23355.1656718,21255.8155568,732232.0,3251508.0,702585.241634,3239881.25598
SSP1,2050,ZAF,Northern Cape,0.55008353988,0.6632702981199999,22898.8717122,20083.8987458,414899.0,930377.0,398100.484777,927050.157434
SSP1,2050,ZAF,Western Cape,0.5920205139670001,0.656191428481,23845.7471507,23100.2687159,479154.0,5856623.0,459753.915248,5835680.8844
SSP1,2060,ZAF,Eastern Cape,0.578761374428,0.66198841067,21719.9051684,25510.6008539,2019104.0,6076863.0,1930204.57787,6048788.95764
SSP1,2060,ZAF,Free State,0.650461265515,0.663380864888,27490.8183233,25401.5417596,514706.0,4358418.0,492043.935061,4338282.87246
SSP1,2060,ZAF,Gauteng,0.667146274115,0.6193800553719999,39674.0712382,27846.32625290001,129264.0,14603176.0,123572.616643,14535711.8854
SSP1,2060,ZAF,KwaZulu-Natal,0.5878895901910001,0.638343804514,22530.070923500003,25558.6838667,1932703.0,10934497.0,1847607.74,10883981.5396
SSP1,2060,ZAF,Limpopo,0.617995225477,0.6488989405569999,23922.4414904,27687.2332171,869956.0,5129402.0,831652.581416,5105705.06146
SSP1,2060,ZAF,Mpumalanga,0.633641471337,0.6629097753540001,25260.7879215,27384.302878,559210.0,3948515.0,534588.462007,3930273.5525
SSP1,2060,ZAF,North West,0.651235981354,0.669079856256,28174.906659400003,26337.8608039,624258.0,3310736.0,596772.454204,3295440.979740001
SSP1,2060,ZAF,Northern Cape,0.56040162709,0.662243359497,27878.4082502,25275.7101497,349404.0,972101.0,334020.04073400004,967610.063697
SSP1,2060,ZAF,Western Cape,0.596636007504,0.6496004317949999,28785.8335578,28044.6958707,406247.0,6058371.0,388360.292063,6030382.38744
SSP1,2070,ZAF,Eastern Cape,0.567146158097,0.650694058378,27111.3536715,30334.0267118,1325760.0,6386524.0,1265216.69481,6349198.80556
SSP1,2070,ZAF,Free State,0.63567531273,0.655519300652,30789.9692303,30298.6422368,460936.0,4349557.0,439886.497134,4324136.58966
SSP1,2070,ZAF,Gauteng,0.6593370546840001,0.604260316993,42728.1206694,32267.4587593,107065.0,14653572.0,102175.676917,14567931.1374
SSP1,2070,ZAF,KwaZulu-Natal,0.5706724211590001,0.621006004975,28085.8984077,30208.9655182,1314726.0,11111037.0,1254686.58302,11046100.0145
SSP1,2070,ZAF,Limpopo,0.610370777878,0.643112349021,28843.7245509,32544.6024078,625058.0,5005003.0,596513.559638,4975751.92224
SSP1,2070,ZAF,Mpumalanga,0.627465505621,0.656341028016,28593.5018564,32286.4557612,471950.0,3849640.0,450397.522264,3827141.28841
SSP1,2070,ZAF,North West,0.636276979448,0.662171146024,31546.281619200006,31267.7665548,510541.0,3285548.0,487226.192211,3266346.04946
SSP1,2070,ZAF,Northern Cape,0.567847994546,0.660985336115,31095.1572576,30298.4819518,276470.0,996133.0,263844.481365,990311.232492
SSP1,2070,ZAF,Western Cape,0.59694777295,0.641929298349,31996.8922578,32859.9544293,345095.0,6079330.0,329335.59263800003,6043800.16025
SSP1,2080,ZAF,Eastern Cape,0.545649347188,0.640317346178,32453.4666086,34919.8236312,750030.0,6448036.0,715879.303557,6403669.32561
SSP1,2080,ZAF,Free State,0.625085166741,0.647285726037,35173.3752869,34968.6505674,399423.0,4218545.0,381236.295968,4189518.6713
SSP1,2080,ZAF,Gauteng,0.664201616244,0.583690538213,48319.6400378,36560.3059114,91815.0,14236315.0,87634.4389639,14138359.9092
SSP1,2080,ZAF,KwaZulu-Natal,0.539183294728,0.605016418327,32379.2441136,34637.2469132,892785.0,10833667.0,852134.319995,10759124.3367
SSP1,2080,ZAF,Limpopo,0.601536242275,0.636126689015,33270.018442500004,37183.28331090001,441210.0,4749097.0,421120.631871,4716420.12905
SSP1,2080,ZAF,Mpumalanga,0.620180123195,0.64938668212,32976.949659,36967.4531196,381680.0,3673156.0,364301.178062,3647882.30174
SSP1,2080,ZAF,North West,0.6257183069969999,0.65516970373,35923.7552193,35971.6382519,392705.0,3187580.0,374824.182904,3165647.3799
SSP1,2080,ZAF,Northern Cape,0.575491749958,0.65957805483,35470.167127099994,35089.0394627,223212.0,971094.0,213048.612863,964412.242748
SSP1,2080,ZAF,Western Cape,0.598302622725,0.632113187015,36352.7231703,37452.5312942,284772.0,5913671.0,271805.635818,5872981.10377
SSP1,2090,ZAF,Eastern Cape,0.532735630105,0.633310081639,37188.1289017,39477.4383364,411169.0,6195934.0,390504.204984,6149266.88208
SSP1,2090,ZAF,Free State,0.600418546795,0.6381182488480001,39992.8820934,39600.5712379,336419.0,3994531.0,319511.038372,3964444.61606
SSP1,2090,ZAF,Gauteng,0.657038607567,0.5620895566690001,53531.9509505,40826.3701192,65111.0,13481756.0,61838.6096488,13380212.8433
SSP1,2090,ZAF,KwaZulu-Natal,0.517968866392,0.584484425163,36916.1576401,39030.0280565,553966.0,10302412.0,526124.421875,10224815.3252
SSP1,2090,ZAF,Limpopo,0.585887176535,0.628115782084,38162.2564919,41789.3362198,299722.0,4418039.0,284658.379708,4384762.79871
SSP1,2090,ZAF,Mpumalanga,0.600441260162,0.641886273198,37871.147388,41612.5980523,299504.0,3438044.0,284451.336092,3412149.01713
SSP1,2090,ZAF,North West,0.604899192827,0.647796965675,40804.0460948,40636.5408862,293275.0,3020713.0,278535.397164,2997961.30998
SSP1,2090,ZAF,Northern Cape,0.574297828599,0.657950953259,40531.0711448,39836.373183,183221.0,919239.0,174012.561602,912315.389321
SSP1,2090,ZAF,Western Cape,0.588723529135,0.620965096013,41322.8527495,42011.0881796,235769.0,5598685.0,223919.57055300003,5556516.298219998
SSP1,2100,ZAF,Eastern Cape,0.526577105673,0.6173766821419999,42387.46199,44098.9742198,210051.0,5769403.0,198043.370937,5723373.58247
SSP1,2100,ZAF,Free State,0.5716100888,0.6291951762820001,45027.0002297,44305.42471180001,278772.0,3704944.0,262835.914149,3675385.23729
SSP1,2100,ZAF,Gauteng,0.651238278606,0.539320355192,59051.2850144,45168.4140111,42697.0,12492242.0,40256.2130573,12392576.4674
SSP1,2100,ZAF,KwaZulu-Natal,0.499989399192,0.565434198899,41851.4533739,43501.6313415,349129.0,9541376.0,329170.934925,9465253.04938
SSP1,2100,ZAF,Limpopo,0.57082064599,0.619946434467,43376.8184409,46472.5533913,200619.0,4036658.0,189150.554075,4004452.75858
SSP1,2100,ZAF,Mpumalanga,0.578344807965,0.634265109026,43033.558833800016,46332.4318867,225245.0,3168976.0,212368.801323,3143693.2940700008
SSP1,2100,ZAF,North West,0.585588197892,0.640329745841,45998.1317684,45374.0829452,201262.0,2817030.0,189756.796785,2794555.18761
SSP1,2100,ZAF,Northern Cape,0.570296342181,0.6560200976789999,45876.3035382,44656.8293282,135085.0,864900.0,127362.825043,857999.65984
SSP1,2100,ZAF,Western Cape,0.57603760083,0.60987617847,46561.5386055,46645.0290503,179938.0,5200605.0,169651.789707,5159113.56338
SSP2,2010,ZAF,Eastern Cape,0.5916738971859999,0.7055499399099999,2365.15735586,5519.52277326,2666471.33682,2666471.33682,2666471.33682,2666471.33682
SSP2,2010,ZAF,Free State,0.7071532414820001,0.689595934347,5937.68743354,5164.84660664,2561743.32359,2561743.32359,2561743.32359,2561743.32359
SSP2,2010,ZAF,Gauteng,0.728510058443,0.670919889801,18131.2357363,9671.67037465,9592585.21169,9592585.21169,9592585.21169,9592585.21169
SSP2,2010,ZAF,KwaZulu-Natal,0.650143761066,0.6780478079410001,3041.30455735,6496.30376369,5622651.71023,5622651.71023,5622651.71023,5622651.71023
SSP2,2010,ZAF,Limpopo,0.6135485853729999,0.648952304195,2792.31802799,7737.51791152,1954945.24694,1954945.24694,1954945.24694,1954945.24694
SSP2,2010,ZAF,Mpumalanga,0.6349624587380001,0.684548309168,3536.95299725,7577.54315138,2280259.28803,2280259.28803,2280259.28803,2280259.28803
SSP2,2010,ZAF,North West,0.7543054855589999,0.6946874951500001,6792.26151784,6119.43902289,2021985.25541,2021985.25541,2021985.25541,2021985.25541
SSP2,2010,ZAF,Northern Cape,0.49308619505,0.6669965833470001,6083.05380878,5589.80226773,508157.064188,508157.064188,508157.064188,508157.064188
SSP2,2010,ZAF,Western Cape,0.555503229066,0.65899914494,7185.53078369,8410.74169379,3982951.50311,3982951.50311,3982951.50311,3982951.50311
SSP2,2020,ZAF,Eastern Cape,0.617256821733,0.701152886611,3920.528639900001,7936.34738172,4830927.0,3123909.0,4724254.95179,3113257.35701
SSP2,2020,ZAF,Free State,0.6925764851389999,0.6896321523160001,7634.5758955,7585.75903587,834757.0,3141487.0,816324.670357,3130775.42102
SSP2,2020,ZAF,Gauteng,0.705686315498,0.6899987491799999,19845.2259846,11849.202459200002,221985.0,10740042.0,217083.333173,10703421.5053
SSP2,2020,ZAF,KwaZulu-Natal,0.679650539339,0.687701206225,4579.74785236,8796.61347792,5205842.0,6625569.0,5090891.426580002,6602977.6903300015
SSP2,2020,ZAF,Limpopo,0.626078710041,0.657780675499,4381.64563363,10135.0751061,3300632.0,2987610.0,3227750.50628,2977423.09791
SSP2,2020,ZAF,Mpumalanga,0.6403028649,0.6860573141040001,5219.67573034,9975.6375139,1268086.0,3019832.0,1240085.30139,3009535.2300400008
SSP2,2020,ZAF,North West,0.7144455668109999,0.6918981530930001,8442.03267057,8554.26354124,1372955.0,2270895.0,1342638.68142,2263151.89263
SSP2,2020,ZAF,Northern Cape,0.510232185706,0.6676722292239999,7715.95546114,8082.22274185,643087.0,604116.0,628886.9494779999,602056.135914
SSP2,2020,ZAF,Western Cape,0.568280668351,0.6687291013600001,8822.06781226,10763.3175497,727875.0,4409719.0,711802.739523,4394683.10988
SSP2,2030,ZAF,Eastern Cape,0.629980062921,0.699602619289,6218.42156956,9975.79926745,4795615.0,3606750.0,4670699.79408,3595198.38212
SSP2,2030,ZAF,Free State,0.684858626935,0.6903825345929999,10156.4600391,9606.52962628,808314.0,3484550.0,787259.201031,3473389.7615300007
SSP2,2030,ZAF,Gauteng,0.693425326119,0.701728446655,22352.5039887,16124.3101729,212125.0,11766662.0,206599.611065,11728975.9993
SSP2,2030,ZAF,KwaZulu-Natal,0.6786771669320001,0.6585361759699999,6846.80838529,11774.4400606,4879529.0,7709474.0,4752428.01925,7684782.26985
SSP2,2030,ZAF,Limpopo,0.635072521218,0.667214632447,6813.00988031,12311.29072,2790026.0,3809981.0,2717351.96918,3797778.47843
SSP2,2030,ZAF,Mpumalanga,0.645307462179,0.6902572527069999,7756.08068346,12042.532235600003,1110541.0,3437228.0,1081613.85349,3426219.32337
SSP2,2030,ZAF,North West,0.699065008697,0.6933708782539999,10922.4941412,10533.4622505,1222157.0,2657928.0,1190322.50259,2649415.24791
SSP2,2030,ZAF,Northern Cape,0.526754247063,0.6727962628120001,10257.8945991,9990.57136646,623319.0,701549.0,607082.913234,699302.094621
SSP2,2030,ZAF,Western Cape,0.5809740358259999,0.6662758106800001,11346.3946261,13514.4215778,688410.0,4861673.0,670478.436081,4846102.14292
SSP2,2040,ZAF,Eastern Cape,0.6322749363019999,0.698804365552,9153.56441962,12939.877286799998,4587294.0,4086281.0,4451938.1765,4073019.12966
SSP2,2040,ZAF,Free State,0.678632181497,0.691671788176,13406.5708547,12587.8834584,780319.0,3751479.0,757294.3757140002,3739303.71688
SSP2,2040,ZAF,Gauteng,0.6855975608,0.713959774149,25591.491389500006,19458.5567188,204088.0,12595656.0,198066.040364,12554777.2751
SSP2,2040,ZAF,KwaZulu-Natal,0.6701490525770001,0.636420441523,9670.21135557,14479.6466063,4502112.0,8594062.0,4369269.61465,8566170.29703
SSP2,2040,ZAF,Limpopo,0.638087212336,0.674683361353,10047.3227746,15189.9355915,2330416.0,4437016.0,2261653.15707,4422615.8325
SSP2,2040,ZAF,Mpumalanga,0.647864895431,0.691038764947,11032.688785,14975.1346932,992429.0,3721479.0,963145.713478,3709401.08075
SSP2,2040,ZAF,North West,0.68826084152,0.69224317558,14121.513186200002,13516.0151496,1119448.0,2921613.0,1086416.80429,2912131.01558
SSP2,2040,ZAF,Northern Cape,0.5423193911909999,0.6727210851540001,13524.723198500002,13121.0827727,588112.0,786200.0,570758.766466,783648.417655
SSP2,2040,ZAF,Western Cape,0.592401916471,0.674425271655,14595.918430000002,16369.216910799998,649624.0,5220879.0,630455.751467,5203934.8348
SSP2,2050,ZAF,Eastern Cape,0.627776745927,0.697811556628,12985.1998839,16058.396178100002,4219799.0,4597450.0,4083368.02412,4580571.18988
SSP2,2050,ZAF,Free State,0.673017543732,0.691346947015,17674.350552400007,15721.253484399998,746943.0,3960277.0,722793.4700310002,3945737.46972
SSP2,2050,ZAF,Gauteng,0.679871735641,0.702299750691,29872.4759983,22304.3093497,181603.0,13262820.0,175731.565244,13214127.6552
SSP2,2050,ZAF,KwaZulu-Natal,0.657428635347,0.645993363485,13501.625150100002,17473.2688711,4088036.0,9325747.0,3955865.07411,9291508.99571
SSP2,2050,ZAF,Limpopo,0.637844506802,0.678409978209,14172.530690600002,18286.262404400004,2019784.0,4813750.0,1954482.05027,4796077.07866
SSP2,2050,ZAF,Mpumalanga,0.6486717636930001,0.689979386835,15308.583868000003,18096.7337305,907888.0,3902808.0,878534.932276,3888479.45805
SSP2,2050,ZAF,North West,0.67906249576,0.6900277362639999,18331.614695,16667.4748701,1054859.0,3092352.0,1020754.19008,3080998.919
SSP2,2050,ZAF,Northern Cape,0.556576102531,0.671900634348,17823.2938556,16339.7239402,555681.0,848936.0,537715.191414,845819.265822
SSP2,2050,ZAF,Western Cape,0.60207651358,0.678585050956,18871.5929226,19447.1261575,625174.0,5487621.0,604961.402454,5467474.067919998
SSP2,2060,ZAF,Eastern Cape,0.623163425657,0.690940365517,16199.8032622,19877.9023187,3838069.0,5012308.0,3698014.74513,4993289.9505
SSP2,2060,ZAF,Free State,0.667813279271,0.686073581297,21357.6194502,19574.3544596,711157.0,4110990.0,685206.303509,4095391.7942800005
SSP2,2060,ZAF,Gauteng,0.6760512377560001,0.6923304666060001,33570.0430839,25798.7999171,178547.0,13737459.0,172031.674964,13685335.3725
SSP2,2060,ZAF,KwaZulu-Natal,0.648391684521,0.656719204316,16858.7383776,21120.7936482,3717756.0,9844872.0,3582092.06421,9807517.89826
SSP2,2060,ZAF,Limpopo,0.635632925015,0.676668394944,17758.5400656,22090.082736,1753983.0,5061281.0,1689978.73585,5042077.133719998
SSP2,2060,ZAF,Mpumalanga,0.647909245136,0.685018584209,18983.3189984,21938.3184891,853919.0,3992948.0,822758.8021859998,3977797.67749
SSP2,2060,ZAF,North West,0.67358618536,0.684886486306,21997.7637128,20544.0249939,966790.0,3238422.0,931511.047729,3226134.5528
SSP2,2060,ZAF,Northern Cape,0.569632748231,0.670594561413,21458.2141148,20299.5763749,529323.0,888388.0,510007.573844,885017.21613
SSP2,2060,ZAF,Western Cape,0.610293332764,0.67698645507,22515.8521069,23222.9447069,581101.0,5699567.0,559896.1525729999,5677941.30435
SSP2,2070,ZAF,Eastern Cape,0.635235626568,0.686503616691,20164.615836,24165.7836283,3440125.0,5303501.0,3304856.49187,5281056.59086
SSP2,2070,ZAF,Free State,0.664788802552,0.680774561143,25683.6285703,23912.1864162,662133.0,4199166.0,636097.392836,4181395.1351
SSP2,2070,ZAF,Gauteng,0.672638573329,0.68803367412,37933.514047,29753.3854149,172597.0,13994585.0,165810.345824,13935359.935
SSP2,2070,ZAF,KwaZulu-Natal,0.620415094589,0.65788251743,20720.5509845,25219.3770494,3357973.0,10139703.0,3225934.77521,10096791.7905
SSP2,2070,ZAF,Limpopo,0.6377939198979999,0.675583896487,21966.9400867,26373.8936358,1542385.0,5145383.0,1481737.1695,5123607.74602
SSP2,2070,ZAF,Mpumalanga,0.648779724773,0.6809810596439999,23305.303270400003,26267.6254783,782991.0,4022996.0,752203.1581479999,4005970.68631
SSP2,2070,ZAF,North West,0.668389935696,0.680553127644,26282.8575358,24909.2251589,883516.0,3310762.0,848775.433529,3296750.85964
SSP2,2070,ZAF,Northern Cape,0.581815873949,0.669502454184,25815.5229134,24759.338120400003,480283.0,926659.0,461397.882485,922737.380351
SSP2,2070,ZAF,Western Cape,0.617779892319,0.675711079975,26855.985653,27475.610970700003,545461.0,5808084.0,524013.030605,5783504.196280002
SSP2,2080,ZAF,Eastern Cape,0.6277522502480001,0.687814850484,24755.4593268,29049.559203400004,3063423.0,5420451.0,2934771.0463,5395534.5843199985
SSP2,2080,ZAF,Free State,0.661666084735,0.681833727204,30748.8271959,28496.7146274,611729.0,4202882.0,586038.7407760001,4183562.43509
SSP2,2080,ZAF,Gauteng,0.669879016475,0.692873524666,43046.249513699986,33565.781703500004,157949.0,14007706.0,151315.75103800002,13943316.1872
SSP2,2080,ZAF,KwaZulu-Natal,0.617967151697,0.652951702053,25303.7444027,30660.0772572,2961602.0,10233971.0,2837226.135690001,10186928.074
SSP2,2080,ZAF,Limpopo,0.637107196935,0.6786321506890001,26920.4254613,31239.009265599994,1347944.0,5093207.0,1291335.54956,5069794.84062
SSP2,2080,ZAF,Mpumalanga,0.6486137487020001,0.681019041046,28363.6675935,30779.2005024,728959.0,3951204.0,698345.532805,3933041.33396
SSP2,2080,ZAF,North West,0.662779732049,0.637799295371,31296.764041400005,29400.9705826,792475.0,3311563.0,759194.105718,3296340.59872
SSP2,2080,ZAF,Northern Cape,0.592444557351,0.665799690774,30914.7160526,28637.7835242,443257.0,926578.0,424641.915162,922318.759836
SSP2,2080,ZAF,Western Cape,0.623683813895,0.678451727124,31936.4379298,32615.1790241,505443.0,5812798.0,484216.342946,5786078.066319998
SSP2,2090,ZAF,Eastern Cape,0.609807843186,0.674482093351,30946.2016105,34095.0981788,2713878.0,5429901.0,2596458.73582,5401977.723669998
SSP2,2090,ZAF,Free State,0.6845217039579999,0.6729124796029999,38033.2058325,33509.9319098,558594.0,4145682.0,534425.744663,4124362.82234
SSP2,2090,ZAF,Gauteng,0.6856984601039999,0.682035275821,47568.6649495,38484.9288602,143379.0,13808001.0,137175.531502,13736993.3283
SSP2,2090,ZAF,KwaZulu-Natal,0.6046132890820001,0.684118653917,30761.3193194,35814.6059101,2582133.0,10168003.0,2470413.84502,10115714.025
SSP2,2090,ZAF,Limpopo,0.64419249524,0.668702270836,31353.1958208,36260.2458179,1179697.0,4961563.0,1128655.96068,4936048.15273
SSP2,2090,ZAF,Mpumalanga,0.661716051958,0.669697756775,33144.0860922,35764.887954300015,662122.0,3844707.0,633474.4786149999,3824935.58686
SSP2,2090,ZAF,North West,0.673935005362,0.63638987568,35930.7712836,34131.8558023,710260.0,3254010.0,679529.728934,3237276.24732
SSP2,2090,ZAF,Northern Cape,0.6083877541170001,0.664454626896,35406.3715361,32664.9404309,409190.0,910430.0,391485.892184,905748.111974
SSP2,2090,ZAF,Western Cape,0.638399261069,0.664587313786,36550.8132429,37647.6638538,462992.0,5731840.0,442960.082588,5702364.001780001
SSP2,2100,ZAF,Eastern Cape,0.603535443006,0.6727731995039999,36863.6349716,39417.3380957,2369215.0,5368714.0,2260167.65344,5340382.61294
SSP2,2100,ZAF,Free State,0.6747803215970001,0.6718016504530001,44541.4240697,38854.9813016,518772.0,4020282.0,494894.59332,3999066.46022
SSP2,2100,ZAF,Gauteng,0.6791660147669999,0.6749538065199999,54190.14327459999,43312.291757199986,133613.0,13415108.0,127463.223337,13344314.7677
SSP2,2100,ZAF,KwaZulu-Natal,0.600542187225,0.679018618871,36716.4296939,41984.9139139,2266473.0,9917475.0,2162154.53726,9865139.22223
SSP2,2100,ZAF,Limpopo,0.640759196514,0.668065791533,37725.21255490001,41097.7865148,1009363.0,4790144.0,962905.267433,4764865.80047
SSP2,2100,ZAF,Mpumalanga,0.657489249192,0.6688787707399999,39654.0630611,41076.19229940001,591862.0,3702420.0,564620.495692,3682881.85845
SSP2,2100,ZAF,North West,0.665980144963,0.6421876629959999,42401.578309300014,39577.8263641,648774.0,3133159.0,618913.0193729999,3116624.9212
SSP2,2100,ZAF,Northern Cape,0.615137900357,0.664656718958,41988.0465744,38325.5236952,371957.0,884681.0,354837.015582,880012.4257700002
SSP2,2100,ZAF,Western Cape,0.639960800443,0.664826512492,43107.3696251,43138.1060705,418964.0,5574493.0,399680.434556,5545075.69097
SSP3,2010,ZAF,Eastern Cape,0.5916738971859999,0.7055499399099999,2365.15735586,5519.52277326,2666471.33682,2666471.33682,2666471.33682,2666471.33682
SSP3,2010,ZAF,Free State,0.7071532414820001,0.689595934347,5937.68743354,5164.84660664,2561743.32359,2561743.32359,2561743.32359,2561743.32359
SSP3,2010,ZAF,Gauteng,0.728510058443,0.670919889801,18131.2357363,9671.67037465,9592585.21169,9592585.21169,9592585.21169,9592585.21169
SSP3,2010,ZAF,KwaZulu-Natal,0.650143761066,0.6780478079410001,3041.30455735,6496.30376369,5622651.71023,5622651.71023,5622651.71023,5622651.71023
SSP3,2010,ZAF,Limpopo,0.6135485853729999,0.648952304195,2792.31802799,7737.51791152,1954945.24694,1954945.24694,1954945.24694,1954945.24694
SSP3,2010,ZAF,Mpumalanga,0.6349624587380001,0.684548309168,3536.95299725,7577.54315138,2280259.28803,2280259.28803,2280259.28803,2280259.28803
SSP3,2010,ZAF,North West,0.7543054855589999,0.6946874951500001,6792.26151784,6119.43902289,2021985.25541,2021985.25541,2021985.25541,2021985.25541
SSP3,2010,ZAF,Northern Cape,0.49308619505,0.6669965833470001,6083.05380878,5589.80226773,508157.064188,508157.064188,508157.064188,508157.064188
SSP3,2010,ZAF,Western Cape,0.555503229066,0.65899914494,7185.53078369,8410.74169379,3982951.50311,3982951.50311,3982951.50311,3982951.50311
SSP3,2020,ZAF,Eastern Cape,0.63637439486,0.702888627191,3960.6176155,8136.62880164,5083874.0,2879190.0,4976873.14511,2873186.99226
SSP3,2020,ZAF,Free State,0.697349744412,0.691471698909,7309.39661665,7785.16708563,922528.0,2909952.0,903111.451782,2903884.85459
SSP3,2020,ZAF,Gauteng,0.70290331391,0.696662883206,19428.9446708,11991.9527504,235421.0,10272303.0,230466.06833600003,10250885.6172
SSP3,2020,ZAF,KwaZulu-Natal,0.681128638567,0.685751730784,4764.11847868,8970.57789615,5625170.0,6113187.0,5506776.4287,6100441.22466
SSP3,2020,ZAF,Limpopo,0.648161826976,0.65869459194,4347.19298076,10345.5421523,3833750.0,2514069.0,3753060.64235,2508827.25643
SSP3,2020,ZAF,Mpumalanga,0.650560482368,0.687788078731,4960.89944076,10174.4635875,1443202.0,2833172.0,1412826.76887,2827264.93813
SSP3,2020,ZAF,North West,0.7217132481890001,0.6932716693719999,8900.55563069,8759.58905628,1486253.0,2130823.0,1454971.66974,2126380.31057
SSP3,2020,ZAF,Northern Cape,0.510035377032,0.668010604547,7481.16837489,8302.99077435,683386.0,558586.0,669002.699742,557421.3682520001
SSP3,2020,ZAF,Western Cape,0.568121985707,0.671084177582,8566.31853797,10948.0621038,749601.0,4228611.0,733824.065358,4219794.49794
SSP3,2030,ZAF,Eastern Cape,0.650885702339,0.7009987906380001,5726.28907074,10503.6533905,5422038.0,3130621.0,5276032.90073,3123170.33342
SSP3,2030,ZAF,Free State,0.691920299206,0.694423434554,8812.53701554,10153.340449299998,923166.0,3104981.0,898306.9076299998,3097591.35489
SSP3,2030,ZAF,Gauteng,0.6941827587720001,0.7153621370100001,20897.1022259,14487.420671899998,252201.0,10826334.0,245409.710075,10800568.0561
SSP3,2030,ZAF,KwaZulu-Natal,0.709049041409,0.6726094332250001,6994.23586411,11172.3109081,5767228.0,6680494.0,5611927.59512,6664594.87539
SSP3,2030,ZAF,Limpopo,0.661334789856,0.670307244238,5899.89183666,12696.9815339,3588994.0,3012955.0,3492349.2650800007,3005784.37055
SSP3,2030,ZAF,Mpumalanga,0.6570406299539999,0.698891370404,6481.127416800001,12534.8842624,1380648.0,3129429.0,1343469.79352,3121981.1703
SSP3,2030,ZAF,North West,0.7137210284890001,0.692646118258,11363.893522,11151.60478,1512417.0,2322105.0,1471690.50671,2316578.5469
SSP3,2030,ZAF,Northern Cape,0.526949906136,0.669093520909,9010.32574748,10795.1391971,721621.0,614058.0,702189.128489,612596.583425
SSP3,2030,ZAF,Western Cape,0.581875643166,0.687442405629,10083.4591556,13230.7574831,813259.0,4441971.0,791359.492651,4431399.408969998
SSP3,2040,ZAF,Eastern Cape,0.668875095512,0.7027990628120001,7393.41903897,12049.4550677,5422038.0,3361525.0,5295552.71925,3354533.93288
SSP3,2040,ZAF,Free State,0.701771386502,0.6978920376119999,10335.9193951,11701.5268742,923166.0,3273512.0,901630.387249,3266703.97623
SSP3,2040,ZAF,Gauteng,0.700444408776,0.728006101731,22403.6159783,15919.4342898,252201.0,11280501.0,246317.65608200003,11257040.5945
SSP3,2040,ZAF,KwaZulu-Natal,0.7085454054510001,0.675788310743,8955.27584675,12662.3366872,5767228.0,7170178.0,5632690.12831,7155265.95988
SSP3,2040,ZAF,Limpopo,0.681598037086,0.6816443445029999,7423.68666334,14239.4062197,3588994.0,3423840.0,3505269.96234,3416719.33445
SSP3,2040,ZAF,Mpumalanga,0.67405856537,0.7038667041140001,8008.82424612,14077.9652708,1380648.0,3342135.0,1348440.24898,3335184.25886
SSP3,2040,ZAF,North West,0.7256439595199999,0.694370052097,13505.8834974,12709.3579939,1512417.0,2472875.0,1477135.34228,2467732.08567
SSP3,2040,ZAF,Northern Cape,0.5459365848219999,0.670097957972,10548.344798200002,12380.2838007,721621.0,647982.0,704787.0282020002,646634.371868
SSP3,2040,ZAF,Western Cape,0.599459078623,0.7007066461679999,11613.5265436,14755.811812,813259.0,4626697.0,794287.297305,4617074.71569
SSP3,2050,ZAF,Eastern Cape,0.6872531110660001,0.702438610158,9082.08242057,13073.6388275,5557122.0,3557967.0,5418945.003219998,3550542.65101
SSP3,2050,ZAF,Free State,0.705431273771,0.6989813189730001,12216.4319469,12731.8861865,952358.0,3399664.0,928677.762585,3392569.97918
SSP3,2050,ZAF,Gauteng,0.695454663052,0.737666676468,24193.871181,16867.3845277,254683.0,11698814.0,248350.345782,11674402.2846
SSP3,2050,ZAF,KwaZulu-Natal,0.729414285018,0.69348229119,10747.4537129,13647.3005752,5830328.0,7593678.0,5685357.77741,7577832.40178
SSP3,2050,ZAF,Limpopo,0.660191027051,0.688571497298,9253.92761067,15248.3264656,3492667.0,3788976.0,3405822.3640900007,3781069.60848
SSP3,2050,ZAF,Mpumalanga,0.6897182643340001,0.703998925239,9890.29366664,15086.3691533,1375069.0,3529266.0,1340878.1176,3521901.5409
SSP3,2050,ZAF,North West,0.734166175496,0.693979359244,15377.782181,13732.740642899998,1489806.0,2644533.0,1452762.19947,2639014.69815
SSP3,2050,ZAF,Northern Cape,0.5676158720000001,0.6753996446539999,12433.0346771,13309.7935637,747786.0,679621.0,729192.414378,678202.8464640001
SSP3,2050,ZAF,Western Cape,0.6194640197110001,0.7059303011579999,13502.0195771,15761.2001748,797923.0,4831477.0,778082.7654680002,4821395.239440002
SSP3,2060,ZAF,Eastern Cape,0.694293800302,0.7006786513609999,10260.923678,14364.407948700002,5689727.0,3727048.0,5543153.09827,3719668.84303
SSP3,2060,ZAF,Free State,0.698099565084,0.698034795887,13397.624187,14028.7972187,964365.0,3528231.0,939521.850101,3521245.47945
SSP3,2060,ZAF,Gauteng,0.690395852089,0.76179510462,25347.2709218,18156.8893435,256663.0,12077307.0,250051.066362,12053395.2221
SSP3,2060,ZAF,KwaZulu-Natal,0.72376042469,0.700859548815,11932.2515481,14923.9762132,5889996.0,7977364.0,5738262.93883,7961569.671310001
SSP3,2060,ZAF,Limpopo,0.667169526288,0.690430010068,10446.6499137,16516.2884684,3415258.0,4112389.0,3327277.03176,4104246.90901
SSP3,2060,ZAF,Mpumalanga,0.68694566286,0.7006456754829999,11077.8821369,16351.7195662,1343337.0,3726337.0,1308731.09616,3718959.25073
SSP3,2060,ZAF,North West,0.721249580644,0.693409567852,16540.4474622,15001.4298259,1484616.0,2784449.0,1446370.58687,2778936.08837
SSP3,2060,ZAF,Northern Cape,0.58267432039,0.674809366138,13615.2138276,14583.6710616,750477.0,722787.0,731143.850615,721355.958938
SSP3,2060,ZAF,Western Cape,0.629947702854,0.70362545765,14678.8810214,17029.394638100002,815247.0,4984735.0,794245.3010310002,4974865.7571
SSP3,2070,ZAF,Eastern Cape,0.682020792228,0.7068329545409999,11599.8229601,15522.0666443,5808371.0,3895192.0,5652729.56319,3888532.49437
SSP3,2070,ZAF,Free State,0.720964517155,0.698150608977,14566.359396899998,15183.6510102,981258.0,3643035.0,954964.155306,3636806.60045
SSP3,2070,ZAF,Gauteng,0.6804572727439999,0.7628719034639999,26462.3524193,19658.2186755,258051.0,12429486.0,251136.250854,12408235.6401
SSP3,2070,ZAF,KwaZulu-Natal,0.719552272367,0.721072808929,13318.4835319,16785.0881058,5913423.0,8373295.0,5754966.583880002,8358979.401380002
SSP3,2070,ZAF,Limpopo,0.6985763315710001,0.706867325047,11780.8277527,17650.519822,3355836.0,4407600.0,3265912.82933,4400064.44411
SSP3,2070,ZAF,Mpumalanga,0.6926546406999999,0.7127840463609999,12308.1219828,17457.7662958,1359254.0,3867307.0,1322831.35318,3860695.16861
SSP3,2070,ZAF,North West,0.7057550329699999,0.682163746981,17660.968865799998,16104.1943366,1485185.0,2911105.0,1445387.899,2906127.9616
SSP3,2070,ZAF,Northern Cape,0.595557044028,0.6803014128470001,14792.359983000002,15530.575588299998,760298.0,757769.0,739925.011925,756473.462598
SSP3,2070,ZAF,Western Cape,0.636589168778,0.716024227952,15844.802067700002,18197.7819867,832060.0,5127233.0,809764.073327,5118467.10681
SSP3,2080,ZAF,Eastern Cape,0.690025115892,0.720233814536,12847.8039961,16804.0333266,5904349.0,4079367.0,5741366.19149,4072349.71906
SSP3,2080,ZAF,Free State,0.705819079915,0.722574255363,16007.7260384,16454.528139200003,1011522.0,3738745.0,983600.09084,3732313.65317
SSP3,2080,ZAF,Gauteng,0.6749820599140001,0.75683259444,27884.739115,21147.2491776,259478.0,12761279.0,252315.40626,12739327.1923
SSP3,2080,ZAF,KwaZulu-Natal,0.7268435746170001,0.75296991365,14670.9493863,18353.3370046,5947697.0,8746624.0,5783517.61948,8731578.1564
SSP3,2080,ZAF,Limpopo,0.679849442928,0.70675510552,13161.6528922,18852.9071037,3324235.0,4670384.0,3232473.29072,4662350.05831
SSP3,2080,ZAF,Mpumalanga,0.6878783375759999,0.717794031091,13770.6074815,18618.0474163,1369065.0,4011300.0,1331273.52481,4004399.80714
SSP3,2080,ZAF,North West,0.69640253396,0.6943512801809999,19096.100246,17257.581357599996,1511231.0,3009282.0,1469515.19481,3004105.46717
SSP3,2080,ZAF,Northern Cape,0.604366583382,0.681223856056,16240.7454713,16629.1717962,756470.0,806095.0,735588.509907,804708.3645050002
SSP3,2080,ZAF,Western Cape,0.6402465455740001,0.702285738977,17286.5978241,19417.417571,842075.0,5268450.0,818830.481684,5259387.27194
SSP3,2090,ZAF,Eastern Cape,0.706744623789,0.718192667881,14215.650381799998,17954.5750521,6015449.0,4268047.0,5846442.03069,4260119.72608
SSP3,2090,ZAF,Free State,0.6983615516699999,0.718429161787,17273.382823099993,17598.7405447,1044557.0,3836312.0,1015209.66236,3829186.61078
SSP3,2090,ZAF,Gauteng,0.672551600321,0.7669047589920001,29134.3062568,22374.1222369,261453.0,13097566.0,254107.350632,13073239.1841
SSP3,2090,ZAF,KwaZulu-Natal,0.727613600859,0.764772466184,16000.2180261,19776.6637331,6029564.0,9097664.0,5860160.46289,9080766.4179
SSP3,2090,ZAF,Limpopo,0.642707708846,0.711516665653,14431.744154,20018.5950443,3292661.0,4951530.0,3200152.08561,4942333.25623
SSP3,2090,ZAF,Mpumalanga,0.6876712492300001,0.717806136399,15039.4844848,19760.2367753,1356572.0,4188308.0,1318458.44898,4180528.82962
SSP3,2090,ZAF,North West,0.692019106764,0.696890219304,20344.934255,18390.8649421,1547789.0,3106833.0,1504303.11424,3101062.51148
SSP3,2090,ZAF,Northern Cape,0.616424235055,0.671033882156,17512.6684541,17683.7016344,760595.0,848027.0,739225.713049,846451.913708
SSP3,2090,ZAF,Western Cape,0.647427211696,0.7097653251260001,18555.7689528,20591.995932,860394.0,5405071.0,836220.8115399998,5395031.870069998
SSP3,2100,ZAF,Eastern Cape,0.7060838864740001,0.7227437783849999,15741.1192796,19021.6369811,6166355.0,4416397.0,5989118.30296,4407250.9025
SSP3,2100,ZAF,Free State,0.68976377661,0.721469036971,18299.104869,18656.8229816,1058595.0,3950595.0,1028168.29228,3942413.55095
SSP3,2100,ZAF,Gauteng,0.678765003135,0.7723566624699999,30136.2683222,23644.9029561,269899.0,13415695.0,262141.417556,13387911.8875
SSP3,2100,ZAF,KwaZulu-Natal,0.7194111897,0.7644293192980001,17527.9068507,21022.2504711,6103437.0,9452934.0,5928008.7260099985,9433357.53167
SSP3,2100,ZAF,Limpopo,0.654645544204,0.7208792532780001,15577.2849939,21090.890666900006,3285138.0,5209438.0,3190714.794,5198649.5614
SSP3,2100,ZAF,Mpumalanga,0.68163407886,0.721730321168,16076.8359064,20823.5790216,1345523.0,4363217.0,1306849.25314,4354181.03514
SSP3,2100,ZAF,North West,0.6896790252189999,0.703718609155,21375.2367554,19448.0700453,1564680.0,3224792.0,1519707.12459,3218113.64612
SSP3,2100,ZAF,Northern Cape,0.626095661506,0.674018927628,18532.5463878,18730.4480374,779779.0,876852.0,757366.171939,875036.091266
SSP3,2100,ZAF,Western Cape,0.649648220909,0.7207710023989999,19575.3779022,21666.0247758,872836.0,5543744.0,847748.477518,5532263.23341
SSP4,2010,ZAF,Eastern Cape,0.5916738971859999,0.7055499399099999,2365.15735586,5519.52277326,2666471.33682,2666471.33682,2666471.33682,2666471.33682
SSP4,2010,ZAF,Free State,0.7071532414820001,0.689595934347,5937.68743354,5164.84660664,2561743.32359,2561743.32359,2561743.32359,2561743.32359
SSP4,2010,ZAF,Gauteng,0.728510058443,0.670919889801,18131.2357363,9671.67037465,9592585.21169,9592585.21169,9592585.21169,9592585.21169
SSP4,2010,ZAF,KwaZulu-Natal,0.650143761066,0.6780478079410001,3041.30455735,6496.30376369,5622651.71023,5622651.71023,5622651.71023,5622651.71023
SSP4,2010,ZAF,Limpopo,0.6135485853729999,0.648952304195,2792.31802799,7737.51791152,1954945.24694,1954945.24694,1954945.24694,1954945.24694
SSP4,2010,ZAF,Mpumalanga,0.6349624587380001,0.684548309168,3536.95299725,7577.54315138,2280259.28803,2280259.28803,2280259.28803,2280259.28803
SSP4,2010,ZAF,North West,0.7543054855589999,0.6946874951500001,6792.26151784,6119.43902289,2021985.25541,2021985.25541,2021985.25541,2021985.25541
SSP4,2010,ZAF,Northern Cape,0.49308619505,0.6669965833470001,6083.05380878,5589.80226773,508157.064188,508157.064188,508157.064188,508157.064188
SSP4,2010,ZAF,Western Cape,0.555503229066,0.65899914494,7185.53078369,8410.74169379,3982951.50311,3982951.50311,3982951.50311,3982951.50311
SSP4,2020,ZAF,Eastern Cape,0.631309542606,0.7059024295749999,3874.04296115,7814.11040156,4596721.0,3180094.0,4487654.87553,3170322.55713
SSP4,2020,ZAF,Free State,0.6953091293770001,0.6943164124060001,7609.30832847,7462.4769123,782084.0,3180355.0,763527.5396680002,3170582.75516
SSP4,2020,ZAF,Gauteng,0.7038600893379999,0.7023257672600001,19799.3876664,11766.1249332,213136.0,10819285.0,208078.934865,10786040.6917
SSP4,2020,ZAF,KwaZulu-Natal,0.679737401228,0.696985010729,4519.38070308,8684.23860343,4904881.0,6734456.0,4788503.18162,6713763.104730002
SSP4,2020,ZAF,Limpopo,0.639647923159,0.662209085797,4396.47521051,10019.1863259,3045099.0,3062152.0,2972848.118,3052742.95633
SSP4,2020,ZAF,Mpumalanga,0.645885050174,0.690582950052,5225.74559296,9860.6615673,1168662.0,3035314.0,1140933.22656,3025987.42118
SSP4,2020,ZAF,North West,0.725378982079,0.695429554016,8405.797753300001,8433.16171144,1278926.0,2295336.0,1248580.99922,2288283.14414
SSP4,2020,ZAF,Northern Cape,0.5100932051820001,0.668640957373,7759.38000271,7957.19510731,610051.0,612350.0,595576.356379,610468.438309
SSP4,2020,ZAF,Western Cape,0.568285802437,0.674865717321,8849.96941585,10654.7379715,684012.0,4454009.0,667782.488152,4440323.21131
SSP4,2030,ZAF,Eastern Cape,0.655386821395,0.7082205758560001,6141.948912,9815.37823811,4160479.0,3733035.0,4031545.24562,3722630.64357
SSP4,2030,ZAF,Free State,0.69033932455,0.6990060228239999,10075.9808033,9440.54392832,714863.0,3509629.0,692709.307972,3499847.29931
SSP4,2030,ZAF,Gauteng,0.693890013361,0.736672610957,22277.3629188,15601.3061293,180766.0,11874594.0,175164.039494,11841498.2727
SSP4,2030,ZAF,KwaZulu-Natal,0.696832403589,0.660474842148,6772.18818667,11606.4048323,4125284.0,7885842.0,3997440.94299,7863863.33896
SSP4,2030,ZAF,Limpopo,0.653409257641,0.677056102223,6795.20565115,12067.729115200002,2218918.0,3877871.0,2150153.45909,3867062.97059
SSP4,2030,ZAF,Mpumalanga,0.652969736998,0.6991663743359999,7724.12427321,11863.45978,911731.0,3390354.0,883476.3445120002,3380904.73112
SSP4,2030,ZAF,North West,0.7140169987289999,0.7003175996909999,10833.9544832,10371.0166848,1042190.0,2632954.0,1009892.4041,2625615.6836200003
SSP4,2030,ZAF,Northern Cape,0.527889549928,0.674515163776,10173.0816755,9831.87093574,522052.0,732642.0,505873.544505,730600.05062
SSP4,2030,ZAF,Western Cape,0.583060734317,0.702380808363,11262.0611121,13474.8227968,594460.0,4914381.0,576037.611706,4900684.10952
SSP4,2040,ZAF,Eastern Cape,0.677539772874,0.733569001308,9071.03789103,12754.9181907,3393210.0,4353583.0,3258296.98242,4340770.32645
SSP4,2040,ZAF,Free State,0.6877778325830001,0.7222578268459999,13389.328806799998,12403.5386947,605427.0,3764444.0,581355.403047,3753365.17319
SSP4,2040,ZAF,Gauteng,0.687846190036,0.7215057279539999,25592.1824899,18448.3146061,149624.0,12624538.0,143674.994385,12587383.7562
SSP4,2040,ZAF,KwaZulu-Natal,0.7006913105670001,0.6771121587450001,9714.87383572,14582.2452735,3291148.0,8715036.0,3160292.9371,8689387.49135
SSP4,2040,ZAF,Limpopo,0.663745348862,0.708312856865,9998.16668709,14979.9191783,1574983.0,4293209.0,1512362.14565,4280574.008230002
SSP4,2040,ZAF,Mpumalanga,0.65923733859,0.7209408590019999,11042.596285299998,14804.2935427,745322.0,3514537.0,715688.21957,3504193.65401
SSP4,2040,ZAF,North West,0.705945957472,0.7128772605500001,14106.886389200004,13370.9185945,833792.0,2824054.0,800640.678756,2815742.75798
SSP4,2040,ZAF,Northern Cape,0.5453140694449999,0.674443362682,13507.7271058,12951.655362,452057.0,791742.0,434083.348505,789411.8889670002
SSP4,2040,ZAF,Western Cape,0.597257324647,0.738916189869,14579.8460356,16353.743013799998,501088.0,5237024.0,481164.890568,5221611.3436
SSP4,2050,ZAF,Eastern Cape,0.6890692534399999,0.7272918510240001,12669.982993,15752.0070474,2567485.0,4849795.0,2440719.19289,4830623.88376
SSP4,2050,ZAF,Free State,0.685350792975,0.717748496961,17711.8153974,15418.380075100002,491266.0,3912861.0,467010.461605,3897393.56002
SSP4,2050,ZAF,Gauteng,0.683139214772,0.744446359166,30325.871896900004,21457.0455196,129784.0,13017887.0,123376.105305,12966427.6239
SSP4,2050,ZAF,KwaZulu-Natal,0.704999449407,0.707565466273,14231.862837600003,17504.695300400002,2493103.0,9215084.0,2370009.69507,9178657.00741
SSP4,2050,ZAF,Limpopo,0.670457016832,0.709574584779,14016.0719373,17947.5155354,1122635.0,4380253.0,1067206.54302,4362937.97134
SSP4,2050,ZAF,Mpumalanga,0.664107981617,0.715376045168,15291.814666,17784.1627102,605434.0,3509829.0,575541.584012,3495954.73526
SSP4,2050,ZAF,North West,0.700226504312,0.708483899445,18686.4719918,16388.5129917,657798.0,2893798.0,625320.188294,2882358.89013
SSP4,2050,ZAF,Northern Cape,0.5618204521119999,0.674858295088,17905.401779400006,15911.0176144,368754.0,835542.0,350547.311963,832239.123732
SSP4,2050,ZAF,Western Cape,0.60985185387,0.731116477163,18934.0544273,19313.1979545,416667.0,5406955.0,396094.677843,5385581.44445
SSP4,2060,ZAF,Eastern Cape,0.7056269466159999,0.723365847163,16149.965592200002,19303.1847142,1822025.0,5169654.0,1714188.24129,5141473.60441
SSP4,2060,ZAF,Free State,0.685715138118,0.716596680217,21327.0437986,18997.6152384,428580.0,3919672.0,403214.443518,3898305.4041800005
SSP4,2060,ZAF,Gauteng,0.672463281049,0.756996409862,34041.1864011,25166.0268768,108981.0,13098215.0,102530.947009,13026815.0803
SSP4,2060,ZAF,KwaZulu-Natal,0.716960042023,0.72231822123,17230.4935926,21224.7807302,1781435.0,9445880.0,1676000.56509,9394389.39055
SSP4,2060,ZAF,Limpopo,0.6796254780509999,0.708984744832,17467.1333022,21421.4732053,790122.0,4291301.0,743358.538759,4267908.61053
SSP4,2060,ZAF,Mpumalanga,0.670756967848,0.7110501405159999,18877.5762638,21213.0087275,484829.0,3427535.0,456134.339998,3408851.101190001
SSP4,2060,ZAF,North West,0.6739951751919999,0.706308016689,22292.038302700006,19740.6293191,522587.0,2870458.0,491657.628435,2854810.79383
SSP4,2060,ZAF,Northern Cape,0.578463870749,0.675295678203,21595.9903398,19023.4742924,301644.0,845163.0,283791.165245,840555.916493
SSP4,2060,ZAF,Western Cape,0.62243609713,0.724605045137,22603.5097008,22771.7634811,343767.0,5443265.0,323421.110656,5413593.118480002
SSP4,2070,ZAF,Eastern Cape,0.715272509355,0.7168415024320001,19605.6563708,22733.9256192,1187618.0,5295596.0,1111581.33267,5253861.72306
SSP4,2070,ZAF,Free State,0.6875198702349999,0.7110725572159999,25444.8510727,22161.427461000007,367351.0,3820675.0,343831.530119,3790564.48769
SSP4,2070,ZAF,Gauteng,0.672525201946,0.766871580501,38443.6254656,30065.6807798,89920.0,12787047.0,84162.9155449,12686273.0435
SSP4,2070,ZAF,KwaZulu-Natal,0.72365361572,0.731313391224,21393.0276948,26187.658871400006,1207160.0,9353187.0,1129872.16558,9279475.08985
SSP4,2070,ZAF,Limpopo,0.685970751252,0.70643731764,21399.9394126,24593.3481052,545747.0,4080747.0,510805.81261,4048586.87573
SSP4,2070,ZAF,Mpumalanga,0.676900996199,0.7066999328110001,22984.0526777,24269.184753,392187.0,3262848.0,367077.417246,3237133.68908
SSP4,2070,ZAF,North West,0.680181056819,0.7016418345450001,26393.4587299,22803.2626559,415354.0,2765594.0,388761.16129,2743798.51826
SSP4,2070,ZAF,Northern Cape,0.594414428211,0.674575290174,25882.8476873,21897.4218662,233385.0,837126.0,218442.638395,830528.65981
SSP4,2070,ZAF,Western Cape,0.634739102756,0.72136932837,26836.334780200006,26070.829524,280206.0,5316879.0,262265.946543,5274976.993
SSP4,2080,ZAF,Eastern Cape,0.723387929063,0.716435237334,26227.1101679,26067.5024252,686350.0,5225993.0,637024.034174,5171617.0010400005
SSP4,2080,ZAF,Free State,0.715194657327,0.70110691861,29781.748519800003,25265.0303356,308510.0,3626125.0,286338.289186,3588395.4873
SSP4,2080,ZAF,Gauteng,0.6965408087780001,0.7473700098199999,41865.8233327,35846.4087339,73152.0,12111574.0,67894.7798469,11985554.1344
SSP4,2080,ZAF,KwaZulu-Natal,0.6866442627220001,0.774045474551,24940.1901482,32589.4037452,807973.0,8930065.0,749906.3451060002,8837148.45664
SSP4,2080,ZAF,Limpopo,0.7136890210019999,0.70554981052,25668.3194896,27699.108608,384257.0,3768047.0,356641.5739780001,3728840.80134
SSP4,2080,ZAF,Mpumalanga,0.7053093897920001,0.701007146004,27289.0098396,27282.643951599995,310958.0,3044717.0,288610.358591,3013036.98657
SSP4,2080,ZAF,North West,0.708512225926,0.700342165042,30843.416587700005,25776.2995127,320591.0,2601598.0,297551.063073,2574528.60091
SSP4,2080,ZAF,Northern Cape,0.621671131093,0.674117314551,30533.4680175,24758.622716,178790.0,801041.0,165940.885947,792706.238628
SSP4,2080,ZAF,Western Cape,0.663054731534,0.7090488045450001,31567.2870622,29330.8834981,220709.0,5043899.0,204847.290098,4991417.6731400015
SSP4,2090,ZAF,Eastern Cape,0.731159017438,0.721620316432,31615.4996939,31080.1119018,362562.0,4959687.0,330497.54412399995,4895895.1207
SSP4,2090,ZAF,Free State,0.7122370074400001,0.7023508361040001,35655.1802435,30291.1882783,257340.0,3367690.0,234581.224742,3324374.50973
SSP4,2090,ZAF,Gauteng,0.687766846514,0.762940238816,47058.3194023,40810.0966572,54488.0,11205629.0,49669.1605414,11061501.3297
SSP4,2090,ZAF,KwaZulu-Natal,0.706313768481,0.757045860247,30493.5109303,37774.3067236,527597.0,8313408.0,480937.088793,8206480.30079
SSP4,2090,ZAF,Limpopo,0.712890509108,0.705245673037,31669.171665599995,32648.8777586,263718.0,3422241.0,240395.1637,3378223.87053
SSP4,2090,ZAF,Mpumalanga,0.686655230178,0.7012631389730001,32853.7099575,32212.9797977,239790.0,2799840.0,218583.321213,2763828.24052
SSP4,2090,ZAF,North West,0.714766852884,0.700531683189,36390.0072111,30578.860341900006,230681.0,2410354.0,210279.907922,2379351.8397
SSP4,2090,ZAF,Northern Cape,0.632306432457,0.675000074789,35908.67679680001,29525.270773900003,144867.0,739724.0,132055.173252,730209.612475
SSP4,2090,ZAF,Western Cape,0.670149599184,0.7062604325290001,37074.1848177,34341.1718109,181674.0,4662499.0,165607.015714,4602529.57583
SSP4,2100,ZAF,Eastern Cape,0.7338743305859999,0.7236038412639999,38298.6274312,36830.4137708,188826.0,4540501.0,167625.687335,4469359.16851
SSP4,2100,ZAF,Free State,0.7194989806409999,0.705098661416,42667.5035627,36152.3032995,206327.0,3073307.0,183161.774283,3025153.571840001
SSP4,2100,ZAF,Gauteng,0.6859073750040001,0.7632109039,53374.855949,46212.0087138,33736.0,10146674.0,29948.313198000003,9987693.09198
SSP4,2100,ZAF,KwaZulu-Natal,0.711727604649,0.752297044385,37572.629001,43239.8108598,351272.0,7553656.0,311833.171499,7435303.218610001
SSP4,2100,ZAF,Limpopo,0.715730898225,0.707213094273,38708.28726680001,38504.5343129,178072.0,3056265.0,158079.085481,3008378.59064
SSP4,2100,ZAF,Mpumalanga,0.6699788566780001,0.702455393275,39802.4046663,38106.6412561,179000.0,2537334.0,158902.894903,2497578.34576
SSP4,2100,ZAF,North West,0.720614881107,0.700609350826,42905.3476705,36502.1725763,156486.0,2191662.0,138916.639172,2157322.43072
SSP4,2100,ZAF,Northern Cape,0.648488005644,0.675587766885,42467.9154677,35560.7730322,103692.0,677848.0,92050.050158,667227.28916
SSP4,2100,ZAF,Western Cape,0.685365921053,0.7121679040919999,43628.0189031,40109.0988944,136478.0,4228566.0,121155.02397,4162311.65278
SSP5,2010,ZAF,Eastern Cape,0.5916738971859999,0.7055499399099999,2365.15735586,5519.52277326,2666471.33682,2666471.33682,2666471.33682,2666471.33682
SSP5,2010,ZAF,Free State,0.7071532414820001,0.689595934347,5937.68743354,5164.84660664,2561743.32359,2561743.32359,2561743.32359,2561743.32359
SSP5,2010,ZAF,Gauteng,0.728510058443,0.670919889801,18131.2357363,9671.67037465,9592585.21169,9592585.21169,9592585.21169,9592585.21169
SSP5,2010,ZAF,KwaZulu-Natal,0.650143761066,0.6780478079410001,3041.30455735,6496.30376369,5622651.71023,5622651.71023,5622651.71023,5622651.71023
SSP5,2010,ZAF,Limpopo,0.6135485853729999,0.648952304195,2792.31802799,7737.51791152,1954945.24694,1954945.24694,1954945.24694,1954945.24694
SSP5,2010,ZAF,Mpumalanga,0.6349624587380001,0.684548309168,3536.95299725,7577.54315138,2280259.28803,2280259.28803,2280259.28803,2280259.28803
SSP5,2010,ZAF,North West,0.7543054855589999,0.6946874951500001,6792.26151784,6119.43902289,2021985.25541,2021985.25541,2021985.25541,2021985.25541
SSP5,2010,ZAF,Northern Cape,0.49308619505,0.6669965833470001,6083.05380878,5589.80226773,508157.064188,508157.064188,508157.064188,508157.064188
SSP5,2010,ZAF,Western Cape,0.555503229066,0.65899914494,7185.53078369,8410.74169379,3982951.50311,3982951.50311,3982951.50311,3982951.50311
SSP5,2020,ZAF,Eastern Cape,0.6253226711150001,0.705774146786,3432.17909794,7798.98985278,4689987.0,3248689.0,4582719.15689,3238731.84552
SSP5,2020,ZAF,Free State,0.703007883838,0.6955550631090001,7448.56312465,7459.69381907,801556.0,3220040.0,783223.07429,3210170.65403
SSP5,2020,ZAF,Gauteng,0.7162875698639999,0.700403426482,19562.399769,11679.2679578,219030.0,10951662.0,214020.41774,10918095.4166
SSP5,2020,ZAF,KwaZulu-Natal,0.6380734033550001,0.652211713028,5167.76146982,8943.43522903,4979388.0,6880406.0,4865501.07222,6859317.71934
SSP5,2020,ZAF,Limpopo,0.627484157339,0.6603741936590001,4569.75875416,10005.9958235,3093802.0,3155426.0,3023041.576240001,3145754.6944
SSP5,2020,ZAF,Mpumalanga,0.647519116341,0.688431087149,5131.36728216,9856.82140181,1190901.0,3096960.0,1163663.10326,3087467.8913
SSP5,2020,ZAF,North West,0.718009280584,0.6943483257430001,8985.13795368,8399.61635219,1288705.0,2358607.0,1259230.1622799998,2351377.9256700003
SSP5,2020,ZAF,Northern Cape,0.50639384424,0.668336071969,7731.362584899999,7824.41827813,622142.0,627333.0,607912.572403,625410.239284
SSP5,2020,ZAF,Western Cape,0.564343037993,0.670376152377,8787.8587888,10662.7248903,696516.0,4512608.0,680585.5146890001,4498776.96387
SSP5,2030,ZAF,Eastern Cape,0.626969751645,0.6971825011759999,6849.90594593,12148.1899308,4427266.0,3985986.0,4305258.059719998,3975158.22072
SSP5,2030,ZAF,Free State,0.6905817547669999,0.698860626532,11046.8038222,12027.939149299998,759468.0,3668846.0,738538.350327,3658879.71946
SSP5,2030,ZAF,Gauteng,0.700076523051,0.682911502023,23189.6156137,15273.4735497,196648.0,12365032.0,191228.714725,12331442.8611
SSP5,2030,ZAF,KwaZulu-Natal,0.636790120598,0.667165323053,8402.65924404,13213.4237979,4347469.0,8386881.0,4227660.12967,8364098.356939998
SSP5,2030,ZAF,Limpopo,0.632097050644,0.662224839585,7926.99879955,14193.7700666,2269223.0,4275636.0,2206687.06377,4264021.39752
SSP5,2030,ZAF,Mpumalanga,0.648843532924,0.6753734757719999,8719.2410897,13693.5903899,949310.0,3625656.0,923148.626867,3615807.04346
SSP5,2030,ZAF,North West,0.695341633176,0.68767783624,12569.9115409,12272.6266818,1096707.0,2815617.0,1066483.6156,2807968.48357
SSP5,2030,ZAF,Northern Cape,0.523633698809,0.66737558175,11291.3051157,11619.1526813,566885.0,768996.0,551262.611098,766907.051631
SSP5,2030,ZAF,Western Cape,0.57776210414,0.671906903963,12337.4687858,14894.7804801,640386.0,5115608.0,622738.048229,5101711.64555
SSP5,2040,ZAF,Eastern Cape,0.6069649747160001,0.683969095417,12562.763706,17208.170354700003,3699469.0,4982428.0,3579743.84249,4968236.22953
SSP5,2040,ZAF,Free State,0.6770025042110001,0.688009274833,17458.3317935,17260.9553101,681501.0,4079474.0,659445.722724,4067854.17154
SSP5,2040,ZAF,Gauteng,0.688347960044,0.662103917283,29617.2515944,23277.4760338,174210.0,13621114.0,168572.077452,13582316.104
SSP5,2040,ZAF,KwaZulu-Natal,0.613031546519,0.638462176611,14008.693338799998,17851.2994664,3593801.0,9738591.0,3477495.55433,9710851.94422
SSP5,2040,ZAF,Limpopo,0.624497502297,0.6636936233699999,14122.105076299997,19250.4466851,1689292.0,4974219.0,1634621.78901,4960050.61175
SSP5,2040,ZAF,Mpumalanga,0.644799183741,0.673680936206,15169.564119600003,18982.6452482,823751.0,3931479.0,797092.11511,3920280.71523
SSP5,2040,ZAF,North West,0.677013666566,0.682915388728,18830.8328455,17467.793391900002,935887.0,3156312.0,905599.08071,3147321.67331
SSP5,2040,ZAF,Northern Cape,0.537184997065,0.6669074758079999,17779.988929299998,16576.7410046,515265.0,877627.0,498589.584343,875127.198509
SSP5,2040,ZAF,Western Cape,0.586230007875,0.659562665994,18775.081309,19748.2706417,563729.0,5656428.0,545485.153837,5640316.43193
SSP5,2050,ZAF,Eastern Cape,0.5785538756199999,0.679234044243,21266.0866163,22713.9405727,2900935.0,5859831.0,2794391.1782,5840232.7789699985
SSP5,2050,ZAF,Free State,0.670335829442,0.6860911175159999,27523.5301526,22650.1301346,611254.0,4389862.0,588804.2252710001,4375180.09437
SSP5,2050,ZAF,Gauteng,0.682515099787,0.61438363257,39794.5845461,31194.5678328,157101.0,14621983.0,151331.087558,14573079.7373
SSP5,2050,ZAF,KwaZulu-Natal,0.585958949306,0.624918198907,22562.7401129,23721.8025508,2767512.0,10884142.0,2665868.45908,10847739.9569
SSP5,2050,ZAF,Limpopo,0.612448498293,0.6652068511289999,23708.990832900006,25342.7489515,1263513.0,5366612.0,1217107.4432,5348663.35128
SSP5,2050,ZAF,Mpumalanga,0.63122974943,0.676046591232,25444.5783034,24453.4245742,719129.0,4113786.0,692717.25619,4100027.43132
SSP5,2050,ZAF,North West,0.652656355844,0.684338683602,28885.0281063,22906.2543712,771923.0,3416989.0,743572.26944,3405560.87081
SSP5,2050,ZAF,Northern Cape,0.5484235005420001,0.6758898554870001,27792.7083242,23317.4831033,445845.0,971765.0,429470.269014,968514.929263
SSP5,2050,ZAF,Western Cape,0.5953077523529999,0.660233127094,28731.3501819,26135.0273012,501606.0,6069856.0,483183.312046,6049555.349780002
SSP5,2060,ZAF,Eastern Cape,0.5288027175100001,0.664687548428,29212.3790553,30404.8073107,2093751.0,6536380.0,2011386.02823,6508153.21781
SSP5,2060,ZAF,Free State,0.626490019337,0.673759682947,37104.6696636,30399.7518998,563530.0,4552249.0,541361.589074,4532590.5130400015
SSP5,2060,ZAF,Gauteng,0.677593180804,0.588328173892,45124.21943490001,39218.25995,139468.0,15243666.0,133981.54154200002,15177837.569
SSP5,2060,ZAF,KwaZulu-Natal,0.602764144371,0.6236368722010001,29403.207088,31074.9593438,2004402.0,11634127.0,1925551.88165,11583886.0457
SSP5,2060,ZAF,Limpopo,0.613533116608,0.656052743315,29552.6901907,33021.448505500004,900079.0,5539498.0,864671.2645870001,5515576.16506
SSP5,2060,ZAF,Mpumalanga,0.627894846714,0.6669026660490001,30849.805993700003,32213.3416976,601819.0,4191234.0,578144.358198,4173134.52457
SSP5,2060,ZAF,North West,0.6185766686640001,0.6748369655390001,35994.6346302,31005.4314386,671588.0,3513643.0,645168.752122,3498469.64171
SSP5,2060,ZAF,Northern Cape,0.559744200183,0.6728277271299999,34098.744136199995,31226.3978815,378460.0,1032451.0,363571.960678,1027992.45116
SSP5,2060,ZAF,Western Cape,0.5768772267450001,0.650343330314,38986.5197031,33811.8749454,440322.0,6323831.0,423000.403926,6296522.09197
SSP5,2070,ZAF,Eastern Cape,0.512788022264,0.653598824386,36739.0513731,40002.0046538,1369594.0,6913624.0,1316171.76942,6876559.06168
SSP5,2070,ZAF,Free State,0.6122072029119999,0.661659519194,45504.421096,38497.5109856,508818.0,4572267.0,488971.101928,4547754.41524
SSP5,2070,ZAF,Gauteng,0.66843184276,0.551387361601,53944.01903220001,47942.7266025,118647.0,15388805.0,114019.068371,15306303.3904
SSP5,2070,ZAF,KwaZulu-Natal,0.5591486340290001,0.605706765853,36968.589552199985,39209.2699467,1375617.0,11887402.0,1321959.83696,11823671.9184
SSP5,2070,ZAF,Limpopo,0.597985506794,0.651007625307,37848.2180984,41005.6132206,645778.0,5450397.0,620588.855467,5421176.63329
SSP5,2070,ZAF,Mpumalanga,0.614877577643,0.660846361053,39291.5444864,40291.9301236,510462.0,4118224.0,490550.97624799993,4096145.60544
SSP5,2070,ZAF,North West,0.604512923246,0.66592975325,44303.4507057,39116.120828300016,549686.0,3518593.0,528245.009285,3499729.31396
SSP5,2070,ZAF,Northern Cape,0.5650113737420001,0.669907740692,42779.2392292,39602.9405025,295117.0,1068066.0,283605.699263,1062339.94368
SSP5,2070,ZAF,Western Cape,0.576798916213,0.64556843481,47497.7144966,41747.9676256,376500.0,6384622.0,361814.283056,6350393.117930002
SSP5,2080,ZAF,Eastern Cape,0.488464828128,0.631487787381,44764.1285765,49222.1887489,762182.0,7001921.0,731859.5799189998,6958070.29831
SSP5,2080,ZAF,Free State,0.600487001351,0.646904111458,55797.72123220001,47930.3928057,445867.0,4449752.0,428128.761004,4421884.68365
SSP5,2080,ZAF,Gauteng,0.669288389248,0.532296968715,64970.5072127,56327.26479319999,98531.0,15012968.0,94611.0722492,14918946.7762
SSP5,2080,ZAF,KwaZulu-Natal,0.498344273257,0.577959109944,44758.78373500001,48072.5128789,934367.0,11631156.0,897194.423524,11558313.9396
SSP5,2080,ZAF,Limpopo,0.580244452928,0.636332189813,46515.0466314,50349.157294,451040.0,5196207.0,433095.959924,5163664.884330002
SSP5,2080,ZAF,Mpumalanga,0.610567536112,0.648267906259,47962.760506,49740.2594629,416184.0,3944282.0,399626.660573,3919580.27409
SSP5,2080,ZAF,North West,0.580618097209,0.6539395442,52919.994311,48616.7231527,428824.0,3425617.0,411763.794605,3404163.50043
SSP5,2080,ZAF,Northern Cape,0.569340287779,0.665306430456,51768.7136191,49273.04272190001,247757.0,1041310.0,237900.309824,1034788.62191
SSP5,2080,ZAF,Western Cape,0.563018286261,0.6293654800999999,56403.8736959,51002.9639189,314417.0,6234543.0,301908.328378,6195498.13142
SSP5,2090,ZAF,Eastern Cape,0.478117849852,0.6103181808820001,54093.8439671,59389.32156590001,412187.0,6726044.0,394598.53542,6680141.978999998
SSP5,2090,ZAF,Free State,0.550489545184,0.632942706578,67202.6690968,58328.83768150001,373782.0,4223476.0,357832.318259,4194652.80407
SSP5,2090,ZAF,Gauteng,0.657250227784,0.511395623903,74906.662872,65634.77247540001,68578.0,14239759.0,65651.7026544,14142579.4816
SSP5,2090,ZAF,KwaZulu-Natal,0.470344066508,0.551461784227,53986.05297640001,57858.174879,573543.0,11076964.0,549069.3005850001,11001369.039
SSP5,2090,ZAF,Limpopo,0.5538000271069999,0.622270887055,56029.1524401,60667.0767381,314287.0,4829926.0,300876.03418200003,4796964.07399
SSP5,2090,ZAF,Mpumalanga,0.582218836164,0.636416010323,57450.7804562,60164.0476012,330702.0,3695054.0,316590.588399,3669837.03051
SSP5,2090,ZAF,North West,0.5622316433560001,0.642660313416,62384.7162069,59089.2101231,315814.0,3257974.0,302337.875442,3235739.89166
SSP5,2090,ZAF,Northern Cape,0.55852456707,0.661125440219,61291.42739630001,59929.85081240001,197409.0,992967.0,188985.344707,986190.476967
SSP5,2090,ZAF,Western Cape,0.5338192372339999,0.6123543599369999,65879.86662969999,61217.0083831,258210.0,5914757.0,247191.90035300003,5874391.62326
SSP5,2100,ZAF,Eastern Cape,0.470739992175,0.577229650543,65530.32573790001,70561.41622310001,216378.0,6243118.0,205608.501411,6198056.91933
SSP5,2100,ZAF,Free State,0.51451624431,0.6142800896980001,77871.9679651,69429.0477291,307889.0,3919140.0,292564.84435,3890852.74294
SSP5,2100,ZAF,Gauteng,0.647170756025,0.5196586883959999,87181.53678039997,76543.84386989997,45136.0,13189294.0,42889.5050313,13094097.3625
SSP5,2100,ZAF,KwaZulu-Natal,0.449081812215,0.512122448032,64691.53667280001,69284.8031968,352281.0,10258218.0,334747.379519,10184177.0498
SSP5,2100,ZAF,Limpopo,0.532159309877,0.602439986169,67498.0957545,71705.13169289999,206774.0,4414364.0,196482.508715,4382502.35453
SSP5,2100,ZAF,Mpumalanga,0.5461973856600001,0.617823670814,68672.6587266,72383.34697639999,246071.0,3408801.0,233823.63064,3384197.2272
SSP5,2100,ZAF,North West,0.537017636851,0.62762644841,73679.1976095,70314.6826343,217783.0,3036469.0,206943.572187,3014552.6155
SSP5,2100,ZAF,Northern Cape,0.546501969304,0.655473925469,73013.96292739999,71608.25932839999,148548.0,933583.0,141154.515097,926844.658857
SSP5,2100,ZAF,Western Cape,0.519503992062,0.586548387751,77243.2494478,72225.9352482,194748.0,5496119.0,185055.06305,5456449.54931
